"qualifyId","raceId","driverId","constructorId","number","position","q1","q2","q3"
"7960","1010","1","131","44","1","01:22.0","01:21.0","01:20.5"
"7961","1010","822","131","77","2","01:22.4","01:21.2","01:20.6"
"7962","1010","20","6","5","3","01:22.9","01:21.9","01:21.2"
"7963","1010","830","9","33","4","01:22.9","01:21.7","01:21.3"
"7964","1010","844","6","16","5","01:22.0","01:21.7","01:21.4"
"7965","1010","154","210","8","6","01:23.0","01:21.9","01:21.8"
"7966","1010","825","210","20","7","01:22.5","01:22.2","01:22.1"
"7967","1010","846","1","4","8","01:22.7","01:22.4","01:22.3"
"7968","1010","8","51","7","9","01:23.0","01:22.3","01:22.3"
"7969","1010","815","211","11","10","01:22.9","01:22.5","01:22.8"
"7970","1010","807","4","27","11","01:22.5","01:22.6","\N"
"7971","1010","817","4","3","12","01:22.9","01:22.6","\N"
"7972","1010","848","5","23","13","01:22.8","01:22.6","\N"
"7973","1010","841","51","99","14","01:22.4","01:22.7","\N"
"7974","1010","826","5","26","15","01:22.5","01:22.8","\N"
"7975","1010","840","211","18","16","01:23.0","\N","\N"
"7976","1010","842","9","10","17","01:23.0","\N","\N"
"7977","1010","832","1","55","18","01:23.1","\N","\N"
"7978","1010","847","3","63","19","01:24.4","\N","\N"
"7979","1010","9","3","88","20","01:26.1","\N","\N"
"7980","1011","844","6","16","1","01:28.5","01:28.0","01:27.9"
"7981","1011","20","6","5","2","01:28.7","01:28.4","01:28.2"
"7982","1011","1","131","44","3","01:29.3","01:28.6","01:28.2"
"7983","1011","822","131","77","4","01:29.5","01:28.8","01:28.3"
"7984","1011","830","9","33","5","01:29.6","01:29.1","01:28.8"
"7985","1011","825","210","20","6","01:29.5","01:29.0","01:28.8"
"7986","1011","832","1","55","7","01:29.5","01:29.1","01:28.8"
"7987","1011","154","210","8","8","01:29.7","01:29.2","01:29.0"
"7988","1011","8","51","7","9","01:30.0","01:29.5","01:29.0"
"7989","1011","846","1","4","10","01:29.4","01:29.3","01:29.0"
"7990","1011","817","4","3","11","01:29.9","01:29.5","\N"
"7991","1011","848","5","23","12","01:29.5","01:29.5","\N"
"7992","1011","842","9","10","13","01:29.9","01:29.5","\N"
"7993","1011","815","211","11","14","01:29.9","01:29.8","\N"
"7994","1011","826","5","26","15","01:29.9","01:29.9","\N"
"7995","1011","841","51","99","16","01:30.0","\N","\N"
"7996","1011","807","4","27","17","01:30.0","\N","\N"
"7997","1011","840","211","18","18","01:30.2","\N","\N"
"7998","1011","847","3","63","19","01:31.8","\N","\N"
"7999","1011","9","3","88","20","01:31.8","\N","\N"
"8000","1012","822","131","77","1","01:32.7","01:31.7","01:31.5"
"8001","1012","1","131","44","2","01:33.1","01:31.6","01:31.6"
"8002","1012","20","6","5","3","01:33.6","01:32.2","01:31.8"
"8003","1012","844","6","16","4","01:32.7","01:32.3","01:31.9"
"8004","1012","830","9","33","5","01:33.3","01:32.4","01:32.1"
"8005","1012","842","9","10","6","01:33.9","01:32.9","01:32.9"
"8006","1012","817","4","3","7","01:33.7","01:33.2","01:33.0"
"8007","1012","807","4","27","8","01:33.6","01:34.0","01:33.0"
"8008","1012","825","210","20","9","01:34.0","01:33.1",NULL
"8009","1012","154","210","8","10","01:33.8","01:33.2",NULL
"8010","1012","826","5","26","11","01:33.8","01:33.2",NULL
"8011","1012","815","211","11","12","01:34.0","01:33.3",NULL
"8012","1012","8","51","7","13","01:34.1","01:33.4",NULL
"8013","1012","832","1","55","14","01:33.7","01:33.5",NULL
"8014","1012","846","1","4","15","01:34.1","01:34.0",NULL
"8015","1012","840","211","18","16","01:34.3",NULL,NULL
"8016","1012","847","3","63","17","01:35.3",NULL,NULL
"8017","1012","9","3","88","18","01:35.3",NULL,NULL
"8018","1013","822","131","77","1","01:42.0","01:41.5","01:40.5"
"8019","1013","1","131","44","2","01:41.6","01:41.6","01:40.6"
"8020","1013","20","6","5","3","01:42.0","01:41.9","01:40.8"
"8021","1013","830","9","33","4","01:41.7","01:41.4","01:41.1"
"8022","1013","815","211","11","5","01:42.2","01:41.9","01:41.6"
"8023","1013","826","5","26","6","01:42.3","01:42.2","01:41.7"
"8024","1013","846","1","4","7","01:42.4","01:42.1","01:41.9"
"8025","1013","841","51","99","8","01:42.1","01:42.4","01:42.4"
"8026","1013","844","6","16","9","01:41.4","01:42.0",NULL
"8027","1013","832","1","55","10","01:41.9","01:42.4",NULL
"8028","1013","817","4","3","11","01:42.5","01:42.5",NULL
"8029","1013","848","5","23","12","01:42.2","01:42.5",NULL
"8030","1013","825","210","20","13","01:42.4","01:42.7",NULL
"8031","1013","840","211","18","14","01:42.6",NULL,NULL
"8032","1013","154","210","8","15","01:43.4",NULL,NULL
"8033","1013","807","4","27","16","01:43.4",NULL,NULL
"8034","1013","847","3","63","17","01:45.1",NULL,NULL
"8035","1013","9","3","88","18","01:45.5",NULL,NULL
"8036","1013","8","51","7","19",NULL,NULL,NULL
"8037","1013","842","9","10","20",NULL,NULL,NULL
"8038","1014","822","131","77","1","01:17.0","01:15.9","01:15.4"
"8039","1014","1","131","44","2","01:17.3","01:16.0","01:16.0"
"8040","1014","20","6","5","3","01:17.4","01:16.7","01:16.3"
"8041","1014","830","9","33","4","01:17.2","01:16.7","01:16.4"
"8042","1014","844","6","16","5","01:17.4","01:16.7","01:16.6"
"8043","1014","842","9","10","6","01:17.9","01:16.9","01:16.7"
"8044","1014","154","210","8","7","01:18.0","01:17.1","01:16.9"
"8045","1014","825","210","20","8","01:17.7","01:17.3","01:16.9"
"8046","1014","826","5","26","9","01:17.9","01:17.2","01:17.6"
"8047","1014","817","4","3","10","01:18.4","01:17.3","01:18.1"
"8048","1014","846","1","4","11","01:17.6","01:17.3","\N"
"8049","1014","848","5","23","12","01:17.8","01:17.4","\N"
"8050","1014","832","1","55","13","01:17.8","01:17.6","\N"
"8051","1014","8","51","7","14","01:18.1","01:17.8","\N"
"8052","1014","815","211","11","15","01:18.3","01:17.9","\N"
"8053","1014","807","4","27","16","01:18.4","\N","\N"
"8054","1014","840","211","18","17","01:18.5","\N","\N"
"8055","1014","841","51","99","18","01:18.7","\N","\N"
"8056","1014","847","3","63","19","01:19.1","\N","\N"
"8057","1014","9","3","88","20","01:20.3","\N","\N"
"8058","1015","1","131","44","1","01:11.5","01:10.8","01:10.2"
"8059","1015","822","131","77","2","01:11.6","01:10.7","01:10.3"
"8060","1015","830","9","33","3","01:11.6","01:10.6","01:10.6"
"8061","1015","20","6","5","4","01:11.4","01:11.2","01:10.9"
"8062","1015","842","9","10","5","01:11.7","01:11.5","01:11.0"
"8063","1015","825","210","20","6","01:11.9","01:11.4","01:11.1"
"8064","1015","817","4","3","7","01:11.8","01:11.5","01:11.2"
"8065","1015","826","5","26","8","01:11.6","01:11.4","01:11.3"
"8066","1015","832","1","55","9","01:11.9","01:11.6","01:11.4"
"8067","1015","848","5","23","10","01:12.0","01:11.4","01:11.7"
"8068","1015","807","4","27","11","01:12.1","01:11.7","\N"
"8069","1015","846","1","4","12","01:11.8","01:11.7","\N"
"8070","1015","154","210","8","13","01:11.8","01:12.0","\N"
"8071","1015","8","51","7","14","01:12.0","01:12.1","\N"
"8072","1015","841","51","99","15","01:12.0","01:12.2","\N"
"8073","1015","844","6","16","16","01:12.1","\N","\N"
"8074","1015","815","211","11","17","01:12.2","\N","\N"
"8075","1015","840","211","18","18","01:12.8","\N","\N"
"8076","1015","847","3","63","19","01:13.5","\N","\N"
"8077","1015","9","3","88","20","01:13.8","\N","\N"
"8078","1016","20","6","5","1","01:11.2","01:11.1","01:10.2"
"8079","1016","1","131","44","2","01:11.5","01:11.0","01:10.4"
"8080","1016","844","6","16","3","01:11.2","01:11.2","01:10.9"
"8081","1016","817","4","3","4","01:11.8","01:11.5","01:11.1"
"8082","1016","842","9","10","5","01:12.0","01:11.2","01:11.1"
"8083","1016","822","131","77","6","01:11.2","01:11.1","01:11.1"
"8084","1016","807","4","27","7","01:11.7","01:11.6","01:11.3"
"8085","1016","846","1","4","8","01:11.8","01:11.7","01:11.9"
"8086","1016","832","1","55","9","01:11.8","01:11.6","01:14.0"
"8087","1016","825","210","20","10","01:12.1","01:11.8","\N"
"8088","1016","830","9","33","11","01:11.6","01:11.8","\N"
"8089","1016","826","5","26","12","01:12.0","01:11.9","\N"
"8090","1016","841","51","99","13","01:12.1","01:12.1","\N"
"8091","1016","848","5","23","14","01:12.0","01:12.2","\N"
"8092","1016","154","210","8","15","01:12.1","\N","\N"
"8093","1016","815","211","11","16","01:12.2","\N","\N"
"8094","1016","8","51","7","17","01:12.2","\N","\N"
"8095","1016","840","211","18","18","01:12.3","\N","\N"
"8096","1016","847","3","63","19","01:13.6","\N","\N"
"8097","1016","9","3","88","20","01:14.4","\N","\N"
"8098","1017","1","131","44","1","01:30.6","01:29.5","01:28.3"
"8099","1017","822","131","77","2","01:30.6","01:29.4","01:28.6"
"8100","1017","844","6","16","3","01:30.6","01:29.7","01:29.0"
"8101","1017","830","9","33","4","01:31.3","01:30.1","01:29.4"
"8102","1017","846","1","4","5","01:31.0","01:30.0","01:29.4"
"8103","1017","832","1","55","6","01:31.1","01:30.3","01:29.5"
"8104","1017","20","6","5","7","01:31.1","01:29.5","01:29.8"
"8105","1017","817","4","3","8","01:31.0","01:30.4","01:29.9"
"8106","1017","842","9","10","9","01:31.2","01:30.4","01:30.2"
"8107","1017","841","51","99","10","01:31.2","01:30.4","01:33.4"
"8108","1017","848","5","23","11","01:31.4","01:30.5","\N"
"8109","1017","8","51","7","12","01:31.0","01:30.5","\N"
"8110","1017","807","4","27","13","01:30.9","01:30.5","\N"
"8111","1017","815","211","11","14","01:31.0","01:30.7","\N"
"8112","1017","825","210","20","15","01:31.2","01:31.4","\N"
"8113","1017","826","5","26","16","01:31.6","\N","\N"
"8114","1017","154","210","8","17","01:31.6","\N","\N"
"8115","1017","840","211","18","18","01:31.7","\N","\N"
"8116","1017","847","3","63","19","01:32.8","\N","\N"
"8117","1017","9","3","88","20","01:33.2","\N","\N"
"8118","1018","844","6","16","1","01:04.1","01:03.4","01:03.0"
"8119","1018","1","131","44","2","01:03.8","01:03.8","01:03.3"
"8120","1018","830","9","33","3","01:03.8","01:03.8","01:03.4"
"8121","1018","822","131","77","4","01:04.1","01:03.9","01:03.5"
"8122","1018","825","210","20","5","01:04.8","01:04.5","01:04.1"
"8123","1018","846","1","4","6","01:04.4","01:04.2","01:04.1"
"8124","1018","8","51","7","7","01:04.6","01:04.1","01:04.2"
"8125","1018","841","51","99","8","01:04.4","01:04.2","01:04.2"
"8126","1018","842","9","10","9","01:04.4","01:04.0","01:04.2"
"8127","1018","20","6","5","10","01:04.4","01:03.7","\N"
"8128","1018","154","210","8","11","01:04.6","01:04.5","\N"
"8129","1018","807","4","27","12","01:04.7","01:04.5","\N"
"8130","1018","848","5","23","13","01:04.7","01:04.7","\N"
"8131","1018","817","4","3","14","01:04.6","01:04.8","\N"
"8132","1018","832","1","55","15","01:04.5","01:13.6","\N"
"8133","1018","815","211","11","16","01:04.8","\N","\N"
"8134","1018","840","211","18","17","01:04.8","\N","\N"
"8135","1018","826","5","26","18","01:05.3","\N","\N"
"8136","1018","847","3","63","19","01:05.9","\N","\N"
"8137","1018","9","3","88","20","01:06.2","\N","\N"
"8138","1019","822","131","77","1","01:25.8","01:25.7","01:25.1"
"8139","1019","1","131","44","2","01:25.5","01:25.8","01:25.1"
"8140","1019","844","6","16","3","01:25.5","01:25.5","01:25.2"
"8141","1019","830","9","33","4","01:25.7","01:25.8","01:25.3"
"8142","1019","842","9","10","5","01:26.3","01:26.0","01:25.6"
"8143","1019","20","6","5","6","01:25.9","01:26.0","01:25.8"
"8144","1019","817","4","3","7","01:26.4","01:26.3","01:26.2"
"8145","1019","846","1","4","8","01:26.1","01:26.4","01:26.2"
"8146","1019","848","5","23","9","01:26.5","01:26.4","01:26.3"
"8147","1019","807","4","27","10","01:26.6","01:26.4","01:26.4"
"8148","1019","841","51","99","11","01:26.4","01:26.5","\N"
"8149","1019","8","51","7","12","01:26.6","01:26.5","\N"
"8150","1019","832","1","55","13","01:26.2","01:26.6","\N"
"8151","1019","154","210","8","14","01:26.3","01:26.8","\N"
"8152","1019","815","211","11","15","01:26.6","01:26.9","\N"
"8153","1019","825","210","20","16","01:26.7","\N","\N"
"8154","1019","826","5","26","17","01:26.7","\N","\N"
"8155","1019","840","211","18","18","01:26.8","\N","\N"
"8156","1019","847","3","63","19","01:27.8","\N","\N"
"8157","1019","9","3","88","20","01:28.3","\N","\N"
"8158","1020","1","131","44","1","01:12.9","01:12.1","01:11.8"
"8159","1020","830","9","33","2","01:12.6","01:12.4","01:12.1"
"8160","1020","822","131","77","3","01:13.1","01:12.4","01:12.1"
"8161","1020","842","9","10","4","01:13.0","01:12.4","01:12.5"
"8162","1020","8","51","7","5","01:13.1","01:12.5","01:12.5"
"8163","1020","154","210","8","6","01:13.1","01:12.8","01:12.9"
"8164","1020","832","1","55","7","01:13.2","01:12.6","01:12.9"
"8165","1020","815","211","11","8","01:13.2","01:12.8","01:13.1"
"8166","1020","807","4","27","9","01:13.2","01:12.8","01:13.1"
"8167","1020","844","6","16","10","01:12.2","01:12.3",NULL
"8168","1020","841","51","99","11","01:13.2","01:12.8",NULL
"8169","1020","825","210","20","12","01:13.1","01:12.8",NULL
"8170","1020","817","4","3","13","01:13.1","01:12.8",NULL
"8171","1020","826","5","26","14","01:13.3","01:13.1",NULL
"8172","1020","840","211","18","15","01:13.3","01:13.5",NULL
"8173","1020","846","1","4","16","01:13.3",NULL,NULL
"8174","1020","848","5","23","17","01:13.5",NULL,NULL
"8175","1020","847","3","63","18","01:14.7",NULL,NULL
"8176","1020","9","3","88","19","01:14.8",NULL,NULL
"8177","1020","20","6","5","20",NULL,NULL,NULL
"8178","1021","830","9","33","1","01:15.8","01:15.6","01:14.6"
"8179","1021","822","131","77","2","01:16.1","01:15.7","01:14.6"
"8180","1021","1","131","44","3","01:16.1","01:15.5","01:14.8"
"8181","1021","844","6","16","4","01:16.3","01:15.8","01:15.0"
"8182","1021","20","6","5","5","01:16.5","01:15.9","01:15.1"
"8183","1021","842","9","10","6","01:16.7","01:16.4","01:15.5"
"8184","1021","846","1","4","7","01:16.7","01:16.1","01:15.8"
"8185","1021","832","1","55","8","01:16.5","01:16.3","01:15.9"
"8186","1021","154","210","8","9","01:17.0","01:16.3","01:16.0"
"8187","1021","8","51","7","10","01:16.5","01:16.5","01:16.0"
"8188","1021","807","4","27","11","01:16.8","01:16.6","\N"
"8189","1021","848","5","23","12","01:16.9","01:16.7","\N"
"8190","1021","826","5","26","13","01:16.8","01:16.7","\N"
"8191","1021","841","51","99","14","01:16.9","01:16.8","\N"
"8192","1021","825","210","20","15","01:16.1","01:17.1","\N"
"8193","1021","847","3","63","16","01:17.0","\N","\N"
"8194","1021","815","211","11","17","01:17.1","\N","\N"
"8195","1021","817","4","3","18","01:17.3","\N","\N"
"8196","1021","840","211","18","19","01:17.5","\N","\N"
"8197","1021","9","3","88","20","01:18.3","\N","\N"
"8198","1022","844","6","16","1","01:43.6","01:42.9","01:42.5"
"8199","1022","20","6","5","2","01:44.1","01:43.0","01:43.3"
"8200","1022","1","131","44","3","01:45.3","01:43.6","01:43.3"
"8201","1022","822","131","77","4","01:45.1","01:44.0","01:43.4"
"8202","1022","830","9","33","5","01:44.6","01:44.1","01:43.7"
"8203","1022","817","4","3","6","01:45.6","01:44.1","01:44.3"
"8204","1022","807","4","27","7","01:45.9","01:44.5","01:44.5"
"8205","1022","8","51","7","8","01:45.8","01:44.1","01:44.6"
"8206","1022","815","211","11","9","01:45.7","01:44.7","01:44.7"
"8207","1022","825","210","20","10","01:45.8","01:44.7","01:45.1"
"8208","1022","154","210","8","11","01:45.7","01:44.8",NULL
"8209","1022","846","1","4","12","01:46.2","01:44.8",NULL
"8210","1022","840","211","18","13","01:46.0","01:45.0",NULL
"8211","1022","848","9","23","14","01:45.5","01:45.8",NULL
"8212","1022","841","51","99","15","01:45.6",NULL,NULL
"8213","1022","842","5","10","16","01:46.4",NULL,NULL
"8214","1022","832","1","55","17","01:46.5",NULL,NULL
"8215","1022","826","5","26","18","01:46.5",NULL,NULL
"8216","1022","847","3","63","19","01:47.5",NULL,NULL
"8217","1022","9","3","88","20","\N","\N","\N"
"8218","1023","844","6","16","1","01:20.1","01:19.6","01:19.3"
"8219","1023","1","131","44","2","01:20.3","01:19.5","01:19.3"
"8220","1023","822","131","77","3","01:20.2","01:20.0","01:19.4"
"8221","1023","20","6","5","4","01:20.4","01:19.7","01:19.5"
"8222","1023","817","4","3","5","01:20.4","01:19.8","01:19.8"
"8223","1023","807","4","27","6","01:20.2","01:20.3","01:20.0"
"8224","1023","832","1","55","7","01:20.4","01:20.2","01:20.5"
"8225","1023","848","9","23","8","01:20.4","01:20.0",NULL
"8226","1023","840","211","18","9","01:20.6","01:20.5",NULL
"8227","1023","8","51","7","10","01:20.6","01:20.5",NULL
"8228","1023","841","51","99","11","01:20.7","01:20.5",NULL
"8229","1023","825","210","20","12","01:20.6","01:20.6",NULL
"8230","1023","826","5","26","13","01:20.7","01:20.6",NULL
"8231","1023","846","1","4","14","01:20.6","01:21.1",NULL
"8232","1023","842","5","10","15","01:20.5","01:21.1",NULL
"8233","1023","154","210","8","16","01:20.8",NULL,NULL
"8234","1023","815","211","11","17","01:21.3",NULL,NULL
"8235","1023","847","3","63","18","01:21.8",NULL,NULL
"8236","1023","9","3","88","19","01:22.4",NULL,NULL
"8237","1023","830","9","33","20","\N","\N","\N"
"8238","1024","844","6","16","1","01:38.0","01:36.7","01:36.2"
"8239","1024","1","131","44","2","01:37.6","01:36.9","01:36.4"
"8240","1024","20","6","5","3","01:38.4","01:36.7","01:36.4"
"8241","1024","830","9","33","4","01:38.5","01:37.1","01:36.8"
"8242","1024","822","131","77","5","01:37.3","01:37.1","01:37.1"
"8243","1024","848","9","23","6","01:39.1","01:37.9","01:37.4"
"8244","1024","832","1","55","7","01:38.9","01:38.0","01:37.8"
"8245","1024","807","4","27","8","01:39.0","01:38.6","01:38.3"
"8246","1024","846","1","4","9","01:38.6","01:37.6","01:38.3"
"8247","1024","815","211","11","10","01:39.9","01:38.5",NULL
"8248","1024","841","51","99","11","01:39.3","01:38.7",NULL
"8249","1024","842","5","10","12","01:39.1","01:38.7",NULL
"8250","1024","8","51","7","13","01:39.5","01:38.9",NULL
"8251","1024","825","210","20","14","01:39.9","01:39.6",NULL
"8252","1024","826","5","26","15","01:40.0",NULL,NULL
"8253","1024","840","211","18","16","01:40.0",NULL,NULL
"8254","1024","154","210","8","17","01:40.3",NULL,NULL
"8255","1024","847","3","63","18","01:40.9",NULL,NULL
"8256","1024","9","3","88","19","01:41.2",NULL,NULL
"8257","1024","817","4","3","20",NULL,NULL,NULL
"8258","1025","844","6","16","1","01:33.6","01:32.4","01:31.6"
"8259","1025","1","131","44","2","01:33.2","01:33.1","01:32.0"
"8260","1025","20","6","5","3","01:33.0","01:32.5","01:32.1"
"8261","1025","830","9","33","4","01:33.4","01:32.6","01:32.3"
"8262","1025","822","131","77","5","01:33.4","01:33.3","01:32.6"
"8263","1025","832","1","55","6","01:34.2","01:33.8","01:33.2"
"8264","1025","807","4","27","7","01:34.2","01:33.9","01:33.3"
"8265","1025","846","1","4","8","01:34.2","01:33.7","01:33.3"
"8266","1025","154","210","8","9","01:34.3","01:33.6","01:33.5"
"8267","1025","817","4","3","10","01:34.1","01:33.9","01:33.7"
"8268","1025","842","5","10","11","01:34.5","01:34.0",NULL
"8269","1025","815","211","11","12","01:34.3","01:34.0",NULL
"8270","1025","841","51","99","13","01:34.8","01:34.0",NULL
"8271","1025","825","210","20","14","01:33.9","01:34.1",NULL
"8272","1025","840","211","18","15","01:34.3","01:34.2",NULL
"8273","1025","8","51","7","16","01:34.8",NULL,NULL
"8274","1025","847","3","63","17","01:35.4",NULL,NULL
"8275","1025","9","3","88","18","01:36.5",NULL,NULL
"8276","1025","848","9","23","19","01:39.2",NULL,NULL
"8277","1025","826","5","26","20","01:39.5",NULL,NULL
"8278","1026","20","6","5","1","01:29.0","01:28.2","01:27.1"
"8279","1026","844","6","16","2","01:28.4","01:28.2","01:27.3"
"8280","1026","822","131","77","3","01:28.9","01:27.7","01:27.3"
"8281","1026","1","131","44","4","01:28.7","01:27.8","01:27.3"
"8282","1026","830","9","33","5","01:28.8","01:28.5","01:27.9"
"8283","1026","848","9","23","6","01:29.4","01:28.2","01:27.9"
"8284","1026","832","1","55","7","01:29.0","01:28.6","01:28.3"
"8285","1026","846","1","4","8","01:28.9","01:28.6","01:28.5"
"8286","1026","842","5","10","9","01:29.4","01:28.8","01:28.8"
"8287","1026","154","210","8","10","01:29.6","01:29.1","01:29.3"
"8288","1026","841","51","99","11","01:29.6","01:29.3",NULL
"8289","1026","840","211","18","12","01:29.6","01:29.3",NULL
"8290","1026","8","51","7","13","01:29.6","01:29.4",NULL
"8291","1026","826","5","26","14","01:29.7","01:29.6",NULL
"8292","1026","807","4","27","15","01:29.6","01:30.1",NULL
"8293","1026","817","4","3","16","01:29.8",NULL,NULL
"8294","1026","815","211","11","17","01:30.3",NULL,NULL
"8295","1026","847","3","63","18","01:30.4",NULL,NULL
"8296","1026","825","210","20","19","\N","\N","\N"
"8297","1026","9","3","88","20","\N","\N","\N"
"8298","1027","830","9","33","1","01:15.9","01:16.1","01:14.8"
"8299","1027","844","6","16","2","01:16.4","01:16.2","01:15.0"
"8300","1027","20","6","5","3","01:16.7","01:15.9","01:15.2"
"8301","1027","1","131","44","4","01:16.4","01:15.7","01:15.3"
"8302","1027","848","9","23","5","01:16.2","01:16.6","01:15.3"
"8303","1027","822","131","77","6","01:17.1","01:15.9","01:15.3"
"8304","1027","832","1","55","7","01:17.0","01:16.3","01:16.0"
"8305","1027","846","1","4","8","01:17.1","01:16.4","01:16.3"
"8306","1027","826","5","26","9","01:17.0","01:16.7","01:16.5"
"8307","1027","842","5","10","10","01:17.1","01:16.7","01:16.6"
"8308","1027","815","211","11","11","01:17.5","01:16.7","\N"
"8309","1027","807","4","27","12","01:17.6","01:16.9","\N"
"8310","1027","817","4","3","13","01:17.3","01:16.9","\N"
"8311","1027","8","51","7","14","01:17.2","01:17.0","\N"
"8312","1027","841","51","99","15","01:17.8","01:17.3","\N"
"8313","1027","840","211","18","16","01:18.1","\N","\N"
"8314","1027","825","210","20","17","01:18.4","\N","\N"
"8315","1027","154","210","8","18","01:18.6","\N","\N"
"8316","1027","847","3","63","19","01:18.8","\N","\N"
"8317","1027","9","3","88","20","01:20.2","\N","\N"
"8318","1028","822","131","77","1","01:33.8","01:33.2","01:32.0"
"8319","1028","20","6","5","2","01:33.8","01:33.8","01:32.0"
"8320","1028","830","9","33","3","01:33.5","01:33.1","01:32.1"
"8321","1028","844","6","16","4","01:34.0","01:32.8","01:32.1"
"8322","1028","1","131","44","5","01:33.5","01:33.0","01:32.3"
"8323","1028","848","9","23","6","01:34.0","01:32.9","01:32.5"
"8324","1028","832","1","55","7","01:33.9","01:33.4","01:32.8"
"8325","1028","846","1","4","8","01:33.4","01:33.3","01:33.2"
"8326","1028","817","4","3","9","01:33.8","01:33.6","01:33.5"
"8327","1028","842","5","10","10","01:33.6","01:33.7","01:33.6"
"8328","1028","807","4","27","11","01:34.1","01:33.8","\N"
"8329","1028","825","210","20","12","01:33.8","01:34.0","\N"
"8330","1028","826","5","26","13","01:34.1","01:34.0","\N"
"8331","1028","840","211","18","14","01:33.9","01:34.1","\N"
"8332","1028","154","210","8","15","01:34.2","01:34.2","\N"
"8333","1028","841","51","99","16","01:34.2","\N","\N"
"8334","1028","8","51","7","17","01:34.4","\N","\N"
"8335","1028","847","3","63","18","01:35.4","\N","\N"
"8336","1028","815","211","11","19","01:35.8","\N","\N"
"8337","1028","9","3","88","20","01:35.9","\N","\N"
"8338","1029","830","9","33","1","01:08.2","01:07.5","01:07.5"
"8339","1029","20","6","5","2","01:08.6","01:08.0","01:07.6"
"8340","1029","1","131","44","3","01:08.6","01:08.1","01:07.7"
"8341","1029","844","6","16","4","01:08.5","01:07.9","01:07.7"
"8342","1029","822","131","77","5","01:08.5","01:08.2","01:07.9"
"8343","1029","848","9","23","6","01:08.5","01:08.1","01:07.9"
"8344","1029","842","5","10","7","01:08.9","01:08.8","01:08.8"
"8345","1029","154","210","8","8","01:09.2","01:08.7","01:08.9"
"8346","1029","8","51","7","9","01:09.3","01:08.9","01:09.0"
"8347","1029","825","210","20","10","01:08.9","01:08.8","01:09.0"
"8348","1029","846","1","4","11","01:08.9","01:08.9",NULL
"8349","1029","817","4","3","12","01:09.1","01:08.9",NULL
"8350","1029","841","51","99","13","01:09.2","01:08.9",NULL
"8351","1029","807","4","27","14","01:09.0","01:08.9",NULL
"8352","1029","815","211","11","15","01:09.3","01:09.0",NULL
"8353","1029","826","5","26","16","01:09.3",NULL,NULL
"8354","1029","840","211","18","17","01:09.5",NULL,NULL
"8355","1029","847","3","63","18","01:10.1",NULL,NULL
"8356","1029","9","3","88","19","01:10.6",NULL,NULL
"8357","1029","832","1","55","20","\N","\N","\N"
"8358","1030","1","131","44","1","01:35.9","01:35.6","01:34.8"
"8359","1030","822","131","77","2","01:36.2","01:35.7","01:35.0"
"8360","1030","830","9","33","3","01:36.4","01:36.3","01:35.1"
"8361","1030","844","6","16","4","01:36.5","01:35.5","01:35.2"
"8362","1030","20","6","5","5","01:37.0","01:35.8","01:35.3"
"8363","1030","848","9","23","6","01:36.1","01:36.7","01:35.7"
"8364","1030","846","1","4","7","01:37.5","01:36.8","01:36.4"
"8365","1030","817","4","3","8","01:37.1","01:36.8","01:36.5"
"8366","1030","832","1","55","9","01:37.4","01:36.3","01:36.5"
"8367","1030","807","4","27","10","01:37.5","01:36.9","01:36.7"
"8368","1030","815","211","11","11","01:37.0","01:37.1","\N"
"8369","1030","842","5","10","12","01:37.2","01:37.1","\N"
"8370","1030","840","211","18","13","01:37.5","01:37.1","\N"
"8371","1030","826","5","26","14","01:37.7","01:37.1","\N"
"8372","1030","825","210","20","15","01:37.7","01:37.3","\N"
"8373","1030","154","210","8","16","01:38.1","\N","\N"
"8374","1030","841","51","99","17","01:38.1","\N","\N"
"8375","1030","8","51","7","18","01:38.4","\N","\N"
"8376","1030","847","3","63","19","01:38.7","\N","\N"
"8377","1030","9","3","88","20","01:39.2","\N","\N"
"8378","1031","822","131","77","1","01:04.1","01:03.0","01:02.9"
"8379","1031","1","131","44","2","01:04.2","01:03.1","01:03.0"
"8380","1031","830","9","33","3","01:04.0","01:04.0","01:03.5"
"8381","1031","846","1","4","4","01:04.6","01:03.8","01:03.6"
"8382","1031","848","9","23","5","01:04.7","01:03.7","01:03.9"
"8383","1031","815","211","11","6","01:04.5","01:03.9","01:03.9"
"8384","1031","844","6","16","7","01:04.5","01:04.0","01:03.9"
"8385","1031","832","1","55","8","01:04.5","01:04.0","01:04.0"
"8386","1031","840","211","18","9","01:04.3","01:04.0","01:04.0"
"8387","1031","817","4","3","10","01:04.6","01:04.0","01:04.2"
"8388","1031","20","6","5","11","01:04.6","01:04.2","\N"
"8389","1031","842","213","10","12","01:04.6","01:04.3","\N"
"8390","1031","826","213","26","13","01:05.0","01:04.4","\N"
"8391","1031","839","4","31","14","01:04.9","01:04.6","\N"
"8392","1031","154","210","8","15","01:05.1","01:04.7","\N"
"8393","1031","825","210","20","16","01:05.2","\N","\N"
"8394","1031","847","3","63","17","01:05.2","\N","\N"
"8395","1031","841","51","99","18","01:05.2","\N","\N"
"8396","1031","8","51","7","19","01:05.2","\N","\N"
"8397","1031","849","3","6","20","01:05.8","\N","\N"
"8398","1032","1","131","44","1","01:18.2","01:17.8","01:19.3"
"8399","1032","830","9","33","2","01:18.3","01:17.9","01:20.5"
"8400","1032","832","1","55","3","01:18.6","01:18.8","01:20.7"
"8401","1032","822","131","77","4","01:18.8","01:18.7","01:20.7"
"8402","1032","839","4","31","5","01:19.7","01:18.8","01:20.9"
"8403","1032","846","1","4","6","01:18.5","01:18.4","01:20.9"
"8404","1032","848","9","23","7","01:20.9","01:19.0","01:21.0"
"8405","1032","842","213","10","8","01:20.2","01:18.7","01:21.0"
"8406","1032","817","4","3","9","01:19.7","01:19.2","01:21.2"
"8407","1032","20","6","5","10","01:20.2","01:19.5","01:21.7"
"8408","1032","844","6","16","11","01:20.9","01:19.6","\N"
"8409","1032","847","3","63","12","01:20.4","01:19.6","\N"
"8410","1032","840","211","18","13","01:19.7","01:19.6","\N"
"8411","1032","826","213","26","14","01:19.8","01:19.7","\N"
"8412","1032","825","210","20","15","01:21.1","01:20.2","\N"
"8413","1032","8","51","7","16","01:21.1","\N","\N"
"8414","1032","815","211","11","17","01:21.6","\N","\N"
"8415","1032","849","3","6","18","01:21.8","\N","\N"
"8416","1032","841","51","99","19","01:21.8","\N","\N"
"8417","1032","154","210","8","20","\N","\N","\N"
"8418","1033","822","131","77","2","01:15.5","01:14.5","01:13.6"
"8419","1033","840","211","18","3","01:14.9","01:15.2","01:14.4"
"8420","1033","815","211","11","4","01:14.7","01:15.4","01:14.5"
"8421","1033","20","6","5","5","01:15.5","01:15.1","01:14.8"
"8422","1033","844","6","16","6","01:15.8","01:15.0","01:14.8"
"8423","1033","830","9","33","7","01:15.5","01:15.0","01:14.8"
"8424","1033","846","1","4","8","01:15.4","01:15.1","01:15.0"
"8425","1033","832","1","55","9","01:15.3","01:15.3","01:15.0"
"8426","1033","842","213","10","10","01:15.8","01:15.5","\N"
"8427","1033","817","4","3","11","01:15.8","01:15.7","\N"
"8428","1033","847","3","63","12","01:15.6","01:15.7","\N"
"8429","1033","848","9","23","13","01:15.7","01:15.7","\N"
"8430","1033","839","4","31","14","01:15.7","01:15.7","\N"
"8431","1033","849","3","6","15","01:16.1","01:16.5","\N"
"8432","1033","825","210","20","16","01:16.2","\N","\N"
"8433","1033","826","213","26","17","01:16.2","\N","\N"
"8434","1033","154","210","8","18","01:16.4","\N","\N"
"8435","1033","841","51","99","19","01:16.5","\N","\N"
"8436","1033","8","51","7","20","01:16.6","\N","\N"
"8437","1033","1","131","44","1","01:14.9","01:14.3","01:13.4"
"8438","1034","1","131","44","1","01:25.9","01:25.3","01:24.3"
"8439","1034","822","131","77","2","01:25.8","01:25.0","01:24.6"
"8440","1034","830","9","33","3","01:26.1","01:26.1","01:25.3"
"8441","1034","844","6","16","4","01:26.6","01:26.2","01:25.4"
"8442","1034","846","1","4","5","01:26.9","01:26.4","01:25.8"
"8443","1034","840","211","18","6","01:26.2","01:26.5","01:25.8"
"8444","1034","832","1","55","7","01:26.7","01:26.1","01:26.0"
"8445","1034","817","4","3","8","01:26.7","01:26.3","01:26.0"
"8446","1034","839","4","31","9","01:26.4","01:26.3","01:26.2"
"8447","1034","20","6","5","10","01:26.5","01:26.5","01:26.3"
"8448","1034","842","213","10","11","01:26.3","01:26.5","\N"
"8449","1034","848","9","23","12","01:26.6","01:26.5","\N"
"8450","1034","807","211","27","13","01:26.3","01:26.6","\N"
"8451","1034","826","213","26","14","01:26.8","01:26.7","\N"
"8452","1034","847","3","63","15","01:26.7","01:27.1","\N"
"8453","1034","825","210","20","16","01:27.2","\N","\N"
"8454","1034","841","51","99","17","01:27.2","\N","\N"
"8455","1034","8","51","7","18","01:27.4","\N","\N"
"8456","1034","154","210","8","19","01:27.6","\N","\N"
"8457","1034","849","3","6","20","01:27.7","\N","\N"
"8458","1035","822","131","77","1","01:26.7","01:25.8","01:25.2"
"8459","1035","1","131","44","2","01:26.8","01:26.3","01:25.2"
"8460","1035","807","211","27","3","01:27.3","01:26.3","01:26.1"
"8461","1035","830","9","33","4","01:27.2","01:26.8","01:26.2"
"8462","1035","817","4","3","5","01:27.4","01:26.6","01:26.3"
"8463","1035","840","211","18","6","01:27.2","01:26.7","01:26.4"
"8464","1035","842","213","10","7","01:27.2","01:26.5","01:26.5"
"8465","1035","844","6","16","8","01:27.4","01:26.7","01:26.6"
"8466","1035","848","9","23","9","01:27.2","01:26.6","01:26.7"
"8467","1035","846","1","4","10","01:27.2","01:26.9","01:26.8"
"8468","1035","839","4","31","11","01:27.3","01:27.0","\N"
"8469","1035","20","6","5","12","01:27.6","01:27.1","\N"
"8470","1035","832","1","55","13","01:27.5","01:27.1","\N"
"8471","1035","154","210","8","14","01:27.5","01:27.3","\N"
"8472","1035","847","3","63","15","01:27.8","01:27.5","\N"
"8473","1035","826","213","26","16","01:27.9","\N","\N"
"8474","1035","825","210","20","17","01:28.2","\N","\N"
"8475","1035","849","3","6","18","01:28.4","\N","\N"
"8476","1035","841","51","99","19","01:28.4","\N","\N"
"8477","1035","8","51","7","20","01:28.5","\N","\N"
"8478","1036","1","131","44","1","01:16.9","01:16.0","01:15.6"
"8479","1036","822","131","77","2","01:17.2","01:16.2","01:15.6"
"8480","1036","830","9","33","3","01:17.2","01:16.5","01:16.3"
"8481","1036","815","211","11","4","01:17.1","01:16.9","01:16.5"
"8482","1036","840","211","18","5","01:17.3","01:16.7","01:16.6"
"8483","1036","848","9","23","6","01:17.4","01:17.2","01:17.0"
"8484","1036","832","1","55","7","01:17.4","01:16.9","01:17.0"
"8485","1036","846","1","4","8","01:17.6","01:17.2","01:17.1"
"8486","1036","844","6","16","9","01:17.3","01:17.0","01:17.1"
"8487","1036","842","213","10","10","01:17.4","01:16.8","01:17.1"
"8488","1036","20","6","5","11","01:17.6","01:17.2","\N"
"8489","1036","826","213","26","12","01:17.7","01:17.2","\N"
"8490","1036","817","4","3","13","01:17.7","01:17.2","\N"
"8491","1036","8","51","7","14","01:17.8","01:17.4","\N"
"8492","1036","839","4","31","15","01:17.8","01:17.6","\N"
"8493","1036","825","210","20","16","01:17.9","\N","\N"
"8494","1036","154","210","8","17","01:18.1","\N","\N"
"8495","1036","847","3","63","18","01:18.1","\N","\N"
"8496","1036","849","3","6","19","01:18.5","\N","\N"
"8497","1036","841","51","99","20","01:18.7","\N","\N"
"8498","1037","1","131","44","1","01:42.3","01:42.0","01:41.3"
"8499","1037","822","131","77","2","01:42.5","01:42.1","01:41.8"
"8500","1037","830","9","33","3","01:43.2","01:42.5","01:41.8"
"8501","1037","817","4","3","4","01:43.3","01:42.5","01:42.1"
"8502","1037","848","9","23","5","01:43.4","01:42.2","01:42.3"
"8503","1037","839","4","31","6","01:43.5","01:42.5","01:42.4"
"8504","1037","832","1","55","7","01:43.3","01:42.5","01:42.4"
"8505","1037","815","211","11","8","01:43.3","01:42.7","01:42.5"
"8506","1037","840","211","18","9","01:43.3","01:42.5","01:42.6"
"8507","1037","846","1","4","10","01:43.5","01:42.7","01:42.7"
"8508","1037","826","213","26","11","01:43.3","01:42.7","\N"
"8509","1037","842","213","10","12","01:43.3","01:42.7","\N"
"8510","1037","844","6","16","13","01:43.7","01:43.0","\N"
"8511","1037","20","6","5","14","01:43.6","01:43.3","\N"
"8512","1037","847","3","63","15","01:43.6","01:43.5","\N"
"8513","1037","8","51","7","16","01:43.7","\N","\N"
"8514","1037","154","210","8","17","01:43.8","\N","\N"
"8515","1037","841","51","99","18","01:44.0","\N","\N"
"8516","1037","849","3","6","19","01:44.1","\N","\N"
"8517","1037","825","210","20","20","01:44.3","\N","\N"
"8518","1038","1","131","44","1","01:19.5","01:19.1","01:18.9"
"8519","1038","822","131","77","2","01:19.8","01:19.0","01:19.0"
"8520","1038","832","1","55","3","01:20.1","01:19.7","01:19.7"
"8521","1038","815","211","11","4","01:20.0","01:19.7","01:19.7"
"8522","1038","830","9","33","5","01:20.2","01:19.8","01:19.8"
"8523","1038","846","1","4","6","01:20.3","01:20.0","01:19.8"
"8524","1038","817","4","3","7","01:20.5","01:20.0","01:19.9"
"8525","1038","840","211","18","8","01:20.4","01:19.9","01:20.0"
"8526","1038","848","9","23","9","01:21.1","01:20.1","01:20.1"
"8527","1038","842","213","10","10","01:20.1","01:19.9","01:20.2"
"8528","1038","826","213","26","11","01:20.3","01:20.2","\N"
"8529","1038","839","4","31","12","01:20.7","01:20.2","\N"
"8530","1038","844","6","16","13","01:20.4","01:20.3","\N"
"8531","1038","8","51","7","14","01:21.0","01:20.9","\N"
"8532","1038","825","210","20","15","01:20.9","01:21.6","\N"
"8533","1038","154","210","8","16","01:21.1","\N","\N"
"8534","1038","20","6","5","17","01:21.2","\N","\N"
"8535","1038","841","51","99","18","01:21.2","\N","\N"
"8536","1038","847","3","63","19","01:21.6","\N","\N"
"8537","1038","849","3","6","20","01:21.7","\N","\N"
"8538","1039","1","131","44","1","01:15.8","01:15.3","01:15.1"
"8539","1039","822","131","77","2","01:15.7","01:15.3","01:15.2"
"8540","1039","830","9","33","3","01:16.3","01:15.5","01:15.5"
"8541","1039","848","9","23","4","01:16.5","01:15.9","01:16.0"
"8542","1039","844","6","16","5","01:16.7","01:16.3","01:16.3"
"8543","1039","815","211","11","6","01:16.6","01:16.5","01:16.3"
"8544","1039","840","211","18","7","01:16.7","01:16.3","01:16.4"
"8545","1039","817","4","3","8","01:17.0","01:16.2","01:16.5"
"8546","1039","832","1","55","9","01:17.0","01:16.5","01:17.9"
"8547","1039","839","4","31","10","01:16.8","01:16.3","\N"
"8548","1039","846","1","4","11","01:16.9","01:16.6","\N"
"8549","1039","826","213","26","12","01:16.9","01:16.9","\N"
"8550","1039","8","51","7","13","01:17.1","01:16.9","\N"
"8551","1039","20","6","5","14","01:17.1","01:16.9","\N"
"8552","1039","154","210","8","15","01:17.1","01:17.3","\N"
"8553","1039","842","213","10","16","01:17.1","\N","\N"
"8554","1039","841","51","99","17","01:17.2","\N","\N"
"8555","1039","847","3","63","18","01:17.2","\N","\N"
"8556","1039","849","3","6","19","01:17.3","\N","\N"
"8557","1039","825","210","20","20","01:17.3","\N","\N"
"8558","1040","1","131","44","1","01:33.0","01:32.8","01:31.3"
"8559","1040","830","9","33","2","01:33.6","01:33.2","01:31.9"
"8560","1040","822","131","77","3","01:32.7","01:32.4","01:32.0"
"8561","1040","815","211","11","4","01:33.7","01:33.0","01:32.3"
"8562","1040","817","4","3","5","01:33.7","01:32.2","01:32.4"
"8563","1040","832","1","55","6","01:34.0","01:32.8","01:32.6"
"8564","1040","839","4","31","7","01:33.6","01:33.2","01:32.6"
"8565","1040","846","1","4","8","01:33.8","01:33.1","01:32.8"
"8566","1040","842","213","10","9","01:33.7","01:33.1","01:33.0"
"8567","1040","848","9","23","10","01:33.9","01:33.2","01:33.0"
"8568","1040","844","6","16","11","01:34.1","01:33.2","\N"
"8569","1040","826","213","26","12","01:33.5","01:33.2","\N"
"8570","1040","840","211","18","13","01:33.9","01:33.4","\N"
"8571","1040","847","3","63","14","01:34.0","01:33.6","\N"
"8572","1040","20","6","5","15","01:34.1","01:33.6","\N"
"8573","1040","154","210","8","16","01:34.6","\N","\N"
"8574","1040","841","51","99","17","01:34.6","\N","\N"
"8575","1040","825","210","20","18","01:34.7","\N","\N"
"8576","1040","849","3","6","19","01:35.1","\N","\N"
"8577","1040","8","51","7","20","01:35.3","\N","\N"
"8578","1041","822","131","77","1","01:26.6","01:26.0","01:25.3"
"8579","1041","1","131","44","2","01:26.6","01:25.4","01:25.5"
"8580","1041","830","9","33","3","01:26.3","01:25.5","01:25.6"
"8581","1041","844","6","16","4","01:26.9","01:26.2","01:26.0"
"8582","1041","848","9","23","5","01:27.1","01:26.3","01:26.0"
"8583","1041","817","4","3","6","01:26.8","01:26.1","01:26.2"
"8584","1041","839","4","31","7","01:27.1","01:26.4","01:26.2"
"8585","1041","846","1","4","8","01:26.8","01:26.3","01:26.5"
"8586","1041","815","211","11","9","01:27.1","01:26.3","01:26.7"
"8587","1041","832","1","55","10","01:27.4","01:26.4","01:26.7"
"8588","1041","20","6","5","11","01:27.1","01:26.7","\N"
"8589","1041","842","213","10","12","01:27.1","01:26.8","\N"
"8590","1041","826","213","26","13","01:27.3","01:26.8","\N"
"8591","1041","841","51","99","14","01:27.5","01:26.9","\N"
"8592","1041","825","210","20","15","01:27.2","01:27.1","\N"
"8593","1041","154","210","8","16","01:27.6","\N","\N"
"8594","1041","847","3","63","17","01:27.6","\N","\N"
"8595","1041","849","3","6","18","01:27.8","\N","\N"
"8596","1041","8","51","7","19","01:27.8","\N","\N"
"8597","1041","807","211","27","20","01:28.0","\N","\N"
"8615","1042","1","131","44","1","01:16.8","01:16.8","01:16.7"
"8616","1042","822","131","77","2","01:16.9","01:16.5","01:16.8"
"8617","1042","830","9","33","3","01:16.9","01:17.0","01:16.9"
"8618","1042","844","6","16","4","01:17.4","01:17.4","01:17.1"
"8619","1042","815","211","11","5","01:17.4","01:17.1","01:17.2"
"8620","1042","848","9","23","6","01:17.4","01:17.4","01:17.4"
"8621","1042","832","1","55","7","01:17.6","01:17.2","01:17.5"
"8622","1042","846","1","4","8","01:17.5","01:17.3","01:17.5"
"8623","1042","842","213","10","9","01:17.2","01:17.4","01:17.8"
"8624","1042","817","4","3","10","01:17.6","01:17.5",NULL
"8625","1042","839","4","31","11","01:17.8","01:17.6",NULL
"8626","1042","840","211","18","12","01:17.7","01:17.6",NULL
"8627","1042","826","213","26","13","01:17.8","01:17.7",NULL
"8628","1042","847","3","63","14","01:17.9","01:17.8",NULL
"8629","1042","20","6","5","15","01:17.4","01:17.9",NULL
"8630","1042","8","51","7","16","01:18.2",NULL,NULL
"8631","1042","841","51","99","17","01:18.3",NULL,NULL
"8632","1042","154","210","8","18","01:18.4",NULL,NULL
"8633","1042","825","210","20","19","01:18.5",NULL,NULL
"8634","1042","849","3","6","20","01:18.8",NULL,NULL
"8635","1043","822","131","77","1","01:14.2","01:14.6","01:13.6"
"8636","1043","1","131","44","2","01:14.2","01:14.6","01:13.7"
"8637","1043","830","9","33","3","01:15.0","01:15.0","01:14.2"
"8638","1043","842","213","10","4","01:15.2","01:14.7","01:14.5"
"8639","1043","817","4","3","5","01:15.5","01:15.0","01:14.5"
"8640","1043","848","9","23","6","01:15.4","01:14.7","01:14.6"
"8641","1043","844","6","16","7","01:15.1","01:15.0","01:14.6"
"8642","1043","826","213","26","8","01:15.4","01:15.0","01:14.7"
"8643","1043","846","1","4","9","01:15.3","01:15.1","01:14.8"
"8644","1043","832","1","55","10","01:15.5","01:15.0","01:14.9"
"8645","1043","815","211","11","11","01:15.4","01:15.1","\N"
"8646","1043","839","4","31","12","01:15.4","01:15.2","\N"
"8647","1043","847","3","63","13","01:15.8","01:15.3","\N"
"8648","1043","20","6","5","14","01:15.6","01:15.4","\N"
"8649","1043","840","211","18","15","01:15.8","01:15.5","\N"
"8650","1043","154","210","8","16","01:15.9","\N","\N"
"8651","1043","825","210","20","17","01:15.9","\N","\N"
"8652","1043","8","51","7","18","01:16.0","\N","\N"
"8653","1043","849","3","6","19","01:16.0","\N","\N"
"8654","1043","841","51","99","20","01:16.2","\N","\N"
"8655","1044","840","211","18","1","02:07.5","01:53.4","01:47.8"
"8656","1044","830","9","33","2","01:57.5","01:50.3","01:48.1"
"8657","1044","815","211","11","3","02:07.6","01:54.1","01:49.3"
"8658","1044","848","9","23","4","01:59.4","01:52.3","01:50.4"
"8659","1044","817","4","3","5","02:05.6","01:54.3","01:51.6"
"8660","1044","1","131","44","6","02:07.6","01:52.7","01:52.6"
"8661","1044","839","4","31","7","02:06.1","01:53.7","01:52.6"
"8662","1044","8","51","7","8","02:01.2","01:53.8","01:52.7"
"8663","1044","822","131","77","9","02:07.0","01:53.8","01:53.3"
"8664","1044","841","51","99","10","02:07.3","01:53.4","01:57.2"
"8665","1044","846","1","4","11","02:07.2","01:54.9","\N"
"8666","1044","20","6","5","12","02:03.4","01:55.2","\N"
"8667","1044","832","1","55","13","02:07.5","01:55.4","\N"
"8668","1044","844","6","16","14","02:04.5","01:56.7","\N"
"8669","1044","842","213","10","15","02:05.6","01:58.6","\N"
"8670","1044","825","210","20","16","02:08.0","\N","\N"
"8671","1044","826","213","26","17","02:09.1","\N","\N"
"8672","1044","847","3","63","18","02:10.0","\N","\N"
"8673","1044","154","210","8","19","02:12.9","\N","\N"
"8674","1044","849","3","6","20","02:21.6","\N","\N"
"8675","1045","1","131","44","1","01:28.3","01:27.6","01:27.3"
"8676","1045","822","131","77","2","01:28.8","01:28.1","01:27.6"
"8677","1045","830","9","33","3","01:28.9","01:28.0","01:27.7"
"8678","1045","848","9","23","4","01:28.7","01:28.7","01:28.3"
"8679","1045","815","211","11","5","01:29.2","01:28.9","01:28.3"
"8680","1045","817","4","3","6","01:29.0","01:28.6","01:28.4"
"8681","1045","839","4","31","7","01:29.2","01:28.9","01:28.4"
"8682","1045","842","213","10","8","01:29.0","01:29.0","01:28.4"
"8683","1045","846","1","4","9","01:29.5","01:28.9","01:28.5"
"8684","1045","826","213","26","10","01:29.2","01:28.9","01:28.6"
"8685","1045","20","6","5","11","01:29.1","01:29.1","\N"
"8686","1045","844","6","16","12","01:29.1","01:29.2","\N"
"8687","1045","840","211","18","13","01:28.7","01:29.6","\N"
"8688","1045","847","3","63","14","01:29.3","01:31.2","\N"
"8689","1045","832","1","55","15","01:29.0","\N","\N"
"8690","1045","841","51","99","16","01:29.5","\N","\N"
"8691","1045","8","51","7","17","01:29.8","\N","\N"
"8692","1045","825","210","20","18","01:30.1","\N","\N"
"8693","1045","154","210","8","19","01:30.1","\N","\N"
"8694","1045","849","3","6","20","01:30.2","\N","\N"
"8695","1046","822","131","77","1","00:53.9","00:53.8","00:53.4"
"8696","1046","847","131","63","2","00:54.2","00:53.8","00:53.4"
"8697","1046","830","9","33","3","00:54.0","00:53.6","00:53.4"
"8698","1046","844","6","16","4","00:54.2","00:53.8","00:53.6"
"8699","1046","815","211","11","5","00:54.2","00:53.8","00:53.8"
"8700","1046","826","213","26","6","00:54.3","00:53.9","00:53.9"
"8701","1046","817","4","3","7","00:54.4","00:53.9","00:54.0"
"8702","1046","832","1","55","8","00:54.5","00:53.8","00:54.0"
"8703","1046","842","213","10","9","00:54.2","00:53.9","00:54.2"
"8704","1046","840","211","18","10","00:54.6","00:53.8","00:54.2"
"8705","1046","839","4","31","11","00:54.3","00:54.0",NULL
"8706","1046","848","9","23","12","00:54.6","00:54.0",NULL
"8707","1046","20","6","5","13","00:54.3","00:54.2",NULL
"8708","1046","841","51","99","14","00:54.5","00:54.4",NULL
"8709","1046","846","1","4","15","00:54.2","00:54.7",NULL
"8710","1046","825","210","20","16","00:54.7",NULL,NULL
"8711","1046","849","3","6","17","00:54.8",NULL,NULL
"8712","1046","851","3","89","18","00:54.9",NULL,NULL
"8713","1046","8","51","7","19","00:55.0",NULL,NULL
"8714","1046","850","210","51","20","00:55.4",NULL,NULL
"8715","1047","830","9","33","1","01:36.0","01:35.6","01:35.2"
"8716","1047","822","131","77","2","01:35.7","01:35.5","01:35.3"
"8717","1047","1","131","44","3","01:35.5","01:35.5","01:35.3"
"8718","1047","846","1","4","4","01:36.0","01:35.8","01:35.5"
"8719","1047","848","9","23","5","01:36.1","01:35.7","01:35.6"
"8720","1047","832","1","55","6","01:36.5","01:36.2","01:35.8"
"8721","1047","826","213","26","7","01:36.5","01:36.2","01:36.0"
"8722","1047","840","211","18","8","01:36.5","01:36.1","01:36.0"
"8723","1047","844","6","16","9","01:35.9","01:35.9","01:36.1"
"8724","1047","842","213","10","10","01:36.5","01:36.3","01:36.2"
"8725","1047","839","4","31","11","01:36.8","01:36.4","\N"
"8726","1047","817","4","3","12","01:36.7","01:36.4","\N"
"8727","1047","20","6","5","13","01:36.7","01:36.6","\N"
"8728","1047","841","51","99","14","01:37.1","01:38.2","\N"
"8729","1047","815","211","11","15","01:36.0","\N","\N"
"8730","1047","8","51","7","16","01:37.6","\N","\N"
"8731","1047","825","210","20","17","01:37.9","\N","\N"
"8732","1047","847","3","63","18","01:38.0","\N","\N"
"8733","1047","850","210","51","19","01:38.2","\N","\N"
"8734","1047","849","3","6","20","01:38.4","\N","\N"
"8735","1052","830","9","33","1","01:30.5","01:30.3","01:29.0"
"8736","1052","1","131","44","2","01:30.6","01:30.1","01:29.4"
"8737","1052","822","131","77","3","01:31.2","01:30.2","01:29.6"
"8738","1052","844","6","16","4","01:30.7","01:30.0","01:29.7"
"8739","1052","842","213","10","5","01:30.8","01:30.5","01:29.8"
"8740","1052","817","1","3","6","01:30.8","01:30.2","01:29.9"
"8741","1052","846","1","4","7","01:30.9","01:30.1","01:30.0"
"8742","1052","832","6","55","8","01:31.7","01:30.0","01:30.2"
"8743","1052","4","214","14","9","01:30.9","01:30.6","01:30.2"
"8744","1052","840","117","18","10","01:31.3","01:30.6","01:30.6"
"8745","1052","815","9","11","11","01:31.2","01:30.7","\N"
"8746","1052","841","51","99","12","01:31.0","01:30.7","\N"
"8747","1052","852","213","22","13","01:30.6","01:31.2","\N"
"8748","1052","8","51","7","14","01:31.5","01:31.2","\N"
"8749","1052","847","3","63","15","01:31.3","01:33.4","\N"
"8750","1052","839","214","31","16","01:31.7","\N","\N"
"8751","1052","849","3","6","17","01:31.9","\N","\N"
"8752","1052","20","117","5","18","01:32.1","\N","\N"
"8753","1052","854","210","47","19","01:32.4","\N","\N"
"8754","1052","853","210","9","20","01:33.3","\N","\N"
"8755","1053","1","131","44","1","01:14.8","01:14.8","01:14.4"
"8756","1053","815","9","11","2","01:15.4","01:14.7","01:14.4"
"8757","1053","830","9","33","3","01:15.1","01:14.9","01:14.5"
"8758","1053","844","6","16","4","01:15.4","01:14.8","01:14.7"
"8759","1053","842","213","10","5","01:15.5","01:14.9","01:14.8"
"8760","1053","817","1","3","6","01:15.7","01:15.0","01:14.8"
"8761","1053","846","1","4","7","01:15.0","01:14.7","01:14.9"
"8762","1053","822","131","77","8","01:14.7","01:14.9","01:14.9"
"8763","1053","839","214","31","9","01:15.4","01:15.1","01:15.2"
"8764","1053","840","117","18","10","01:15.5","01:15.1","\N"
"8765","1053","832","6","55","11","01:15.4","01:15.2","\N"
"8766","1053","847","3","63","12","01:15.8","01:15.3","\N"
"8767","1053","20","117","5","13","01:15.5","01:15.4","\N"
"8768","1053","849","3","6","14","01:15.7","01:15.6","\N"
"8769","1053","4","214","14","15","01:15.8","01:15.6","\N"
"8770","1053","8","51","7","16","01:16.0","\N","\N"
"8771","1053","841","51","99","17","01:16.1","\N","\N"
"8772","1053","854","210","47","18","01:16.3","\N","\N"
"8773","1053","853","210","9","19","01:16.8","\N","\N"
"8774","1053","852","213","22","20","\N","\N","\N"
"8775","1054","822","131","77","1","01:18.7","01:18.5","01:18.3"
"8776","1054","1","131","44","2","01:18.9","01:18.0","01:18.4"
"8777","1054","830","9","33","3","01:19.5","01:18.7","01:18.7"
"8778","1054","815","9","11","4","01:19.3","01:18.8","01:18.9"
"8779","1054","832","6","55","5","01:19.3","01:18.8","01:19.0"
"8780","1054","839","214","31","6","01:19.1","01:18.6","01:19.0"
"8781","1054","846","1","4","7","01:18.8","01:18.5","01:19.1"
"8782","1054","844","6","16","8","01:19.4","01:18.8","01:19.3"
"8783","1054","842","213","10","9","01:19.5","01:19.1","01:19.5"
"8784","1054","20","117","5","10","01:19.4","01:19.0","01:19.7"
"8785","1054","847","3","63","11","01:19.8","01:19.1","\N"
"8786","1054","841","51","99","12","01:19.4","01:19.2","\N"
"8787","1054","4","214","14","13","01:19.7","01:19.5","\N"
"8788","1054","852","213","22","14","01:19.7","01:19.5","\N"
"8789","1054","8","51","7","15","01:19.7","01:19.8","\N"
"8790","1054","817","1","3","16","01:19.8","\N","\N"
"8791","1054","840","117","18","17","01:19.9","\N","\N"
"8792","1054","849","3","6","18","01:20.3","\N","\N"
"8793","1054","854","210","47","19","01:20.5","\N","\N"
"8794","1054","853","210","9","20","01:20.9","\N","\N"
"8795","1055","1","131","44","1","01:18.2","01:17.2","01:16.7"
"8796","1055","830","9","33","2","01:18.1","01:16.9","01:16.8"
"8797","1055","822","131","77","3","01:18.0","01:17.1","01:16.9"
"8798","1055","844","6","16","4","01:18.0","01:17.7","01:17.5"
"8799","1055","839","214","31","5","01:18.3","01:17.7","01:17.6"
"8800","1055","832","6","55","6","01:18.2","01:17.7","01:17.6"
"8801","1055","817","1","3","7","01:18.3","01:17.7","01:17.6"
"8802","1055","815","9","11","8","01:18.2","01:17.7","01:17.7"
"8803","1055","846","1","4","9","01:17.8","01:17.7","01:18.0"
"8804","1055","4","214","14","10","01:18.3","01:18.0","01:18.1"
"8805","1055","840","117","18","11","01:18.2","01:18.0","\N"
"8806","1055","842","213","10","12","01:18.2","01:18.0","\N"
"8807","1055","20","117","5","13","01:18.3","01:18.1","\N"
"8808","1055","841","51","99","14","01:18.5","01:18.4","\N"
"8809","1055","847","3","63","15","01:18.4","01:19.2","\N"
"8810","1055","852","213","22","16","01:18.6","\N","\N"
"8811","1055","8","51","7","17","01:18.9","\N","\N"
"8812","1055","854","210","47","18","01:19.1","\N","\N"
"8813","1055","849","3","6","19","01:19.2","\N","\N"
"8814","1055","853","210","9","20","01:19.8","\N","\N"
"8815","1056","844","6","16","1","01:11.1","01:10.6","01:10.3"
"8816","1056","830","9","33","2","01:11.1","01:10.7","01:10.6"
"8817","1056","822","131","77","3","01:10.9","01:10.7","01:10.6"
"8818","1056","832","6","55","4","01:11.3","01:10.8","01:10.6"
"8819","1056","846","1","4","5","01:11.3","01:11.0","01:10.6"
"8820","1056","842","213","10","6","01:11.6","01:11.2","01:10.9"
"8821","1056","1","131","44","7","01:11.6","01:11.1","01:11.1"
"8822","1056","20","117","5","8","01:12.1","01:11.3","01:11.4"
"8823","1056","815","9","11","9","01:11.6","01:11.0","01:11.6"
"8824","1056","841","51","99","10","01:11.7","01:11.4","01:11.8"
"8825","1056","839","214","31","11","01:11.7","01:11.5","\N"
"8826","1056","817","1","3","12","01:11.7","01:11.6","\N"
"8827","1056","840","117","18","13","01:12.0","01:11.6","\N"
"8828","1056","8","51","7","14","01:11.9","01:11.6","\N"
"8829","1056","847","3","63","15","01:12.0","01:11.8","\N"
"8830","1056","852","213","22","16","01:12.1","\N","\N"
"8831","1056","4","214","14","17","01:12.2","\N","\N"
"8832","1056","849","3","6","18","01:12.4","\N","\N"
"8833","1056","853","210","9","19","01:13.0","\N","\N"
"8834","1057","844","6","16","1","01:42.2","01:41.7","01:41.2"
"8835","1057","1","131","44","2","01:41.5","01:41.6","01:41.5"
"8836","1057","830","9","33","3","01:41.8","01:41.6","01:41.6"
"8837","1057","842","213","10","4","01:42.3","01:41.9","01:41.6"
"8838","1057","832","6","55","5","01:42.1","01:41.7","01:41.6"
"8839","1057","846","1","4","6","01:42.2","01:41.8","01:41.7"
"8840","1057","815","9","11","7","01:42.0","01:41.6","01:41.9"
"8841","1057","852","213","22","8","01:42.5","01:41.7","01:42.2"
"8842","1057","4","214","14","9","01:42.9","01:42.2","01:42.3"
"8843","1057","822","131","77","10","01:42.7","01:42.1","01:42.7"
"8844","1057","20","117","5","11","01:42.5","01:42.2","\N"
"8845","1057","839","214","31","12","01:42.4","01:42.3","\N"
"8846","1057","817","1","3","13","01:42.3","01:42.6","\N"
"8847","1057","8","51","7","14","01:42.9","01:42.6","\N"
"8848","1057","847","3","63","15","01:42.7","01:42.8","\N"
"8849","1057","849","3","6","16","01:43.1","\N","\N"
"8850","1057","854","210","47","17","01:44.2","\N","\N"
"8851","1057","853","210","9","18","01:44.2","\N","\N"
"8852","1057","840","117","18","19","\N","\N","\N"
"8853","1057","841","51","99","20","\N","\N","\N"
"8854","1059","830","9","33","1","01:31.0","01:31.1","01:30.0"
"8855","1059","1","131","44","2","01:31.2","01:30.8","01:30.2"
"8856","1059","822","131","77","3","01:31.7","01:30.7","01:30.4"
"8857","1059","815","9","11","4","01:31.6","01:31.0","01:30.4"
"8858","1059","832","6","55","5","01:32.1","01:31.1","01:30.8"
"8859","1059","842","213","10","6","01:31.9","01:31.4","01:30.9"
"8860","1059","844","6","16","7","01:32.2","01:31.6","01:31.0"
"8861","1059","846","1","4","8","01:31.7","01:31.5","01:31.3"
"8862","1059","4","214","14","9","01:32.2","01:31.5","01:31.3"
"8863","1059","817","1","3","10","01:32.2","01:31.6","01:31.4"
"8864","1059","839","214","31","11","01:32.1","01:31.7","\N"
"8865","1059","20","117","5","12","01:32.1","01:31.8","\N"
"8866","1059","841","51","99","13","01:32.7","01:31.8","\N"
"8867","1059","847","3","63","14","01:33.1","01:32.1","\N"
"8868","1059","854","210","47","15","01:32.9","\N","\N"
"8869","1059","849","3","6","16","01:33.1","\N","\N"
"8870","1059","8","51","7","17","01:33.4","\N","\N"
"8871","1059","853","210","9","18","01:33.6","\N","\N"
"8872","1059","840","117","18","19","\N","\N","\N"
"8873","1059","852","213","22","20","\N","\N","\N"
"8874","1058","830","9","33","1","01:04.5","01:04.4","01:03.8"
"8875","1058","822","131","77","2","01:04.5","01:04.4","01:04.0"
"8876","1058","1","131","44","3","01:04.7","01:04.5","01:04.1"
"8877","1058","846","1","4","4","01:04.6","01:04.3","01:04.1"
"8878","1058","815","9","11","5","01:04.6","01:04.2","01:04.2"
"8879","1058","842","213","10","6","01:04.8","01:04.4","01:04.2"
"8880","1058","844","6","16","7","01:04.7","01:04.6","01:04.5"
"8881","1058","852","213","22","8","01:04.6","01:04.6","01:04.5"
"8882","1058","4","214","14","9","01:05.0","01:04.6","01:04.6"
"8883","1058","840","117","18","10","01:04.8","01:04.7","01:04.7"
"8884","1058","847","3","63","11","01:05.0","01:04.7","\N"
"8885","1058","832","6","55","12","01:04.9","01:04.8","\N"
"8886","1058","817","1","3","13","01:05.1","01:04.8","\N"
"8887","1058","20","117","5","14","01:05.1","01:04.9","\N"
"8888","1058","841","51","99","15","01:05.1","01:04.9","\N"
"8889","1058","849","3","6","16","01:05.2","\N","\N"
"8890","1058","839","214","31","17","01:05.2","\N","\N"
"8891","1058","8","51","7","18","01:05.4","\N","\N"
"8892","1058","854","210","47","19","01:06.0","\N","\N"
"8893","1058","853","210","9","20","01:06.2","\N","\N"
"8894","1060","830","9","33","1","01:04.2","01:03.9","01:03.7"
"8895","1060","846","1","4","2","01:04.3","01:04.4","01:03.8"
"8896","1060","815","9","11","3","01:04.8","01:04.5","01:04.0"
"8897","1060","1","131","44","4","01:04.5","01:04.3","01:04.0"
"8898","1060","822","131","77","5","01:04.6","01:04.4","01:04.0"
"8899","1060","842","213","10","6","01:04.8","01:04.4","01:04.1"
"8900","1060","852","213","22","7","01:05.0","01:04.5","01:04.3"
"8901","1060","20","117","5","8","01:04.8","01:04.5","01:04.6"
"8902","1060","847","3","63","9","01:04.9","01:04.6","01:04.6"
"8903","1060","840","117","18","10","01:04.9","01:04.5","01:04.6"
"8904","1060","832","6","55","11","01:04.6","01:04.6","\N"
"8905","1060","844","6","16","12","01:04.9","01:04.6","\N"
"8906","1060","817","1","3","13","01:05.0","01:04.7","\N"
"8907","1060","4","214","14","14","01:04.5","01:04.9","\N"
"8908","1060","841","51","99","15","01:04.8","01:05.1","\N"
"8909","1060","8","51","7","16","01:05.0","\N","\N"
"8910","1060","839","214","31","17","01:05.1","\N","\N"
"8911","1060","849","3","6","18","01:05.2","\N","\N"
"8912","1060","854","210","47","19","01:05.4","\N","\N"
"8913","1060","853","210","9","20","01:06.0","\N","\N"
"8914","1061","1","131","44","1","01:26.8","01:26.0","01:26.1"
"8915","1061","830","9","33","2","01:26.8","01:26.3","01:26.2"
"8916","1061","822","131","77","3","01:27.5","01:26.8","01:26.3"
"8917","1061","844","6","16","4","01:27.1","01:26.9","01:26.8"
"8918","1061","815","9","11","5","01:27.1","01:27.1","01:26.8"
"8919","1061","846","1","4","6","01:27.4","01:27.2","01:26.9"
"8920","1061","817","1","3","7","01:27.3","01:27.1","01:26.9"
"8921","1061","847","3","63","8","01:27.7","01:27.1","01:27.0"
"8922","1061","832","6","55","9","01:27.3","01:26.8","01:27.0"
"8923","1061","20","117","5","10","01:27.5","01:27.1","01:27.2"
"8924","1061","4","214","14","11","01:27.6","01:27.2","\N"
"8925","1061","842","213","10","12","01:27.6","01:27.3","\N"
"8926","1061","839","214","31","13","01:27.4","01:27.3","\N"
"8927","1061","841","51","99","14","01:27.6","01:27.6","\N"
"8928","1061","840","117","18","15","01:28.0","01:27.7","\N"
"8929","1061","852","213","22","16","01:28.0","\N","\N"
"8930","1061","8","51","7","17","01:28.1","\N","\N"
"8931","1061","849","3","6","18","01:28.3","\N","\N"
"8932","1061","854","210","47","19","01:28.7","\N","\N"
"8933","1061","853","210","9","20","01:29.1","\N","\N"
"8934","1062","1","131","44","1","01:16.4","01:16.6","01:15.4"
"8935","1062","822","131","77","2","01:16.6","01:16.7","01:15.7"
"8936","1062","830","9","33","3","01:16.2","01:15.7","01:15.8"
"8937","1062","815","9","11","4","01:17.2","01:16.4","01:16.4"
"8938","1062","842","213","10","5","01:16.9","01:16.4","01:16.5"
"8939","1062","846","1","4","6","01:17.1","01:16.4","01:16.5"
"8940","1062","844","6","16","7","01:17.1","01:16.6","01:16.5"
"8941","1062","839","214","31","8","01:17.4","01:16.8","01:16.7"
"8942","1062","4","214","14","9","01:17.1","01:16.5","01:16.7"
"8943","1062","20","117","5","10","01:17.1","01:16.8","01:16.8"
"8944","1062","817","1","3","11","01:17.7","01:16.9","\N"
"8945","1062","840","117","18","12","01:17.0","01:16.9","\N"
"8946","1062","8","51","7","13","01:17.6","01:17.6","\N"
"8947","1062","841","51","99","14","01:17.8","01:17.6","\N"
"8948","1062","832","6","55","15","01:16.6","\N","\N"
"8949","1062","852","213","22","16","01:17.9","\N","\N"
"8950","1062","847","3","63","17","01:17.9","\N","\N"
"8951","1062","849","3","6","18","01:18.0","\N","\N"
"8952","1062","853","210","9","19","01:18.9","\N","\N"
"8953","1062","854","210","47","20","\N","\N","\N"
"8954","1063","830","9","33","1","01:58.7","01:56.6","01:59.8"
"8955","1063","847","3","63","2","01:59.9","01:57.0","02:00.1"
"8956","1063","1","131","44","3","01:59.2","01:56.2","02:00.1"
"8957","1063","817","1","3","4","02:01.6","01:57.1","02:00.9"
"8958","1063","20","117","5","5","02:00.2","01:56.8","02:00.9"
"8959","1063","842","213","10","6","02:00.4","01:56.4","02:01.2"
"8960","1063","815","9","11","7","01:59.3","01:56.9","02:02.1"
"8961","1063","822","131","77","8","01:59.9","01:56.3","02:02.5"
"8962","1063","839","214","31","9","02:01.8","01:57.4","02:03.5"
"8963","1063","846","1","4","10","01:58.3","01:56.0","\N"
"8964","1063","844","6","16","11","02:00.7","01:57.7","\N"
"8965","1063","849","3","6","12","02:01.0","01:58.1","\N"
"8966","1063","832","6","55","13","02:01.2","01:58.1","\N"
"8967","1063","4","214","14","14","02:01.7","01:58.2","\N"
"8968","1063","840","117","18","15","02:01.6","01:58.2","\N"
"8969","1063","841","51","99","16","02:02.3","\N","\N"
"8970","1063","852","213","22","17","02:02.4","\N","\N"
"8971","1063","854","210","47","18","02:04.0","\N","\N"
"8972","1063","8","51","7","19","02:04.5","\N","\N"
"8973","1063","853","210","9","20","02:04.9","\N","\N"
"8974","1064","830","9","33","1","01:10.0","01:09.1","01:08.9"
"8975","1064","1","131","44","2","01:10.1","01:09.7","01:08.9"
"8976","1064","822","131","77","3","01:10.2","01:09.8","01:09.2"
"8977","1064","842","213","10","4","01:10.3","01:09.5","01:09.5"
"8978","1064","844","6","16","5","01:09.8","01:09.4","01:09.5"
"8979","1064","832","6","55","6","01:10.0","01:09.9","01:09.5"
"8980","1064","841","51","99","7","01:10.1","01:10.0","01:09.6"
"8981","1064","839","214","31","8","01:10.2","01:09.9","01:09.9"
"8982","1064","4","214","14","9","01:10.4","01:10.0","01:10.0"
"8983","1064","817","1","3","10","01:10.3","01:09.9","01:10.2"
"8984","1064","847","3","63","11","01:10.4","01:10.3","\N"
"8985","1064","840","117","18","12","01:10.4","01:10.4","\N"
"8986","1064","846","1","4","13","01:10.5","01:10.4","\N"
"8987","1064","849","3","6","14","01:10.1","01:11.2","\N"
"8988","1064","852","213","22","15","01:10.5","01:11.3","\N"
"8989","1064","815","9","11","16","01:10.5","\N","\N"
"8990","1064","20","117","5","17","01:10.7","\N","\N"
"8991","1064","9","51","88","18","01:11.3","\N","\N"
"8992","1064","854","210","47","19","01:11.4","\N","\N"
"8993","1064","853","210","9","20","01:11.9","\N","\N"
"8994","1065","822","131","77","1","01:20.7","01:20.0","01:19.6"
"8995","1065","1","131","44","2","01:20.5","01:19.9","01:19.7"
"8996","1065","830","9","33","3","01:21.0","01:20.2","01:20.0"
"8997","1065","846","1","4","4","01:20.9","01:20.1","01:20.0"
"8998","1065","817","1","3","5","01:21.3","01:20.4","01:20.0"
"8999","1065","842","213","10","6","01:21.4","01:20.6","01:20.3"
"9000","1065","832","6","55","7","01:21.1","01:20.8","01:20.5"
"9001","1065","844","6","16","8","01:21.2","01:20.8","01:20.5"
"9002","1065","815","9","11","9","01:21.3","01:20.9","01:20.6"
"9003","1065","841","51","99","10","01:21.2","01:20.7","01:20.8"
"9004","1065","20","117","5","11","01:21.4","01:20.9","\N"
"9005","1065","840","117","18","12","01:21.4","01:21.0","\N"
"9006","1065","4","214","14","13","01:21.5","01:21.1","\N"
"9007","1065","839","214","31","14","01:21.5","01:21.1","\N"
"9008","1065","847","3","63","15","01:21.9","01:21.4","\N"
"9009","1065","849","3","6","16","01:21.9","\N","\N"
"9010","1065","852","213","22","17","01:22.0","\N","\N"
"9011","1065","854","210","47","18","01:22.2","\N","\N"
"9012","1065","9","51","88","19","01:22.5","\N","\N"
"9013","1065","853","210","9","20","01:22.7","\N","\N"
"9014","1066","846","1","4","1","01:47.2","01:45.8","01:42.0"
"9015","1066","832","6","55","2","01:47.9","01:46.5","01:42.5"
"9016","1066","847","3","63","3","01:48.3","01:46.4","01:43.0"
"9017","1066","1","131","44","4","01:46.0","01:45.1","01:44.1"
"9018","1066","817","1","3","5","01:48.3","01:46.4","01:44.2"
"9019","1066","4","214","14","6","01:47.9","01:45.5","01:44.2"
"9020","1066","822","131","77","7","01:46.4","01:45.3","01:44.7"
"9021","1066","840","117","18","8","01:48.3","01:46.4","01:45.0"
"9022","1066","815","9","11","9","01:46.5","01:45.8","01:45.3"
"9023","1066","839","214","31","10","01:48.1","01:46.1","01:45.9"
"9024","1066","20","117","5","11","01:47.2","01:46.6","\N"
"9025","1066","842","213","10","12","01:47.8","01:46.6","\N"
"9026","1066","852","213","22","13","01:48.9","01:46.8","\N"
"9027","1066","849","3","6","14","01:48.3","\N","\N"
"9028","1066","844","6","16","15","01:48.5","\N","\N"
"9029","1066","8","51","7","16","01:49.6","\N","\N"
"9030","1066","854","210","47","17","01:49.8","\N","\N"
"9031","1066","841","51","99","18","01:51.0","\N","\N"
"9032","1066","853","210","9","19","01:53.8","\N","\N"
"9033","1066","830","9","33","20","\N","\N","\N"
"9036","1067","1","131","44","1","01:24.6","01:23.1","01:22.9"
"9037","1067","822","131","77","2","01:25.0","01:23.6","01:23.0"
"9038","1067","830","9","33","3","01:24.6","01:23.7","01:23.2"
"9039","1067","844","6","16","4","01:24.9","01:24.0","01:23.3"
"9040","1067","842","213","10","5","01:24.7","01:23.8","01:23.3"
"9041","1067","4","214","14","6","01:25.2","01:23.9","01:23.5"
"9042","1067","815","9","11","7","01:25.0","01:24.0","01:23.7"
"9043","1067","846","1","4","8","01:25.1","01:24.6","01:24.0"
"9044","1067","840","117","18","9","01:25.5","01:24.6","01:24.3"
"9045","1067","852","213","22","10","01:25.4","01:24.1","01:24.4"
"9046","1067","20","117","5","11","01:25.8","01:24.8","\N"
"9047","1067","839","214","31","12","01:25.4","01:24.8","\N"
"9048","1067","847","3","63","13","01:25.4","01:25.0","\N"
"9049","1067","854","210","47","14","01:25.6","01:25.2","\N"
"9050","1067","832","6","55","15","01:25.2","\N","\N"
"9051","1067","817","1","3","16","01:25.9","\N","\N"
"9052","1067","849","3","6","17","01:26.1","\N","\N"
"9053","1067","841","51","99","18","01:26.4","\N","\N"
"9054","1067","8","51","7","19","01:27.5","\N","\N"
"9055","1067","853","210","9","20","01:28.4","\N","\N"
"9056","1069","830","9","33","1","01:34.4","01:33.5","01:32.9"
"9057","1069","1","131","44","2","01:34.6","01:33.8","01:33.1"
"9058","1069","815","9","11","3","01:34.4","01:34.2","01:33.1"
"9059","1069","822","131","77","4","01:34.6","01:34.0","01:33.5"
"9060","1069","844","6","16","5","01:34.2","01:33.9","01:33.6"
"9061","1069","832","6","55","6","01:34.6","01:34.1","01:33.8"
"9062","1069","817","1","3","7","01:34.4","01:34.6","01:33.8"
"9063","1069","846","1","4","8","01:34.6","01:33.9","01:33.9"
"9064","1069","842","213","10","9","01:34.6","01:34.6","01:34.1"
"9065","1069","852","213","22","10","01:35.4","01:35.1","01:34.9"
"9066","1069","839","214","31","11","01:35.7","01:35.4","\N"
"9067","1069","20","117","5","12","01:35.3","01:35.5","\N"
"9068","1069","841","51","99","13","01:35.9","01:35.8","\N"
"9069","1069","4","214","14","14","01:35.8","01:44.5","\N"
"9070","1069","847","3","63","15","01:35.7","\N","\N"
"9071","1069","840","117","18","16","01:36.0","\N","\N"
"9072","1069","849","3","6","17","01:36.0","\N","\N"
"9073","1069","8","51","7","18","01:36.3","\N","\N"
"9074","1069","854","210","47","19","01:36.5","\N","\N"
"9075","1069","853","210","9","20","01:36.8","\N","\N"
"9076","1070","822","131","77","1","01:16.7","01:16.9","01:15.9"
"9077","1070","1","131","44","2","01:17.2","01:16.5","01:16.0"
"9078","1070","830","9","33","3","01:16.8","01:16.5","01:16.2"
"9079","1070","815","9","11","4","01:17.0","01:17.1","01:16.3"
"9080","1070","842","213","10","5","01:16.9","01:17.0","01:16.5"
"9081","1070","832","6","55","6","01:17.5","01:17.2","01:16.8"
"9082","1070","817","1","3","7","01:17.7","01:17.1","01:16.8"
"9083","1070","844","6","16","8","01:16.7","01:17.0","01:16.8"
"9084","1070","852","213","22","9","01:17.3","01:16.7","01:17.2"
"9085","1070","846","1","4","10","01:17.6","01:17.5","01:36.8"
"9086","1070","20","117","5","11","01:17.5","01:17.7","\N"
"9087","1070","8","51","7","12","01:17.6","01:18.0","\N"
"9088","1070","847","3","63","13","01:18.0","01:18.2","\N"
"9089","1070","841","51","99","14","01:17.9","01:18.3","\N"
"9090","1070","839","214","31","15","01:18.1","01:18.4","\N"
"9091","1070","4","214","14","16","01:18.5","\N","\N"
"9092","1070","849","3","6","17","01:18.8","\N","\N"
"9093","1070","854","210","47","18","01:18.9","\N","\N"
"9094","1070","853","210","9","19","01:19.3","\N","\N"
"9095","1070","840","117","18","20","01:20.9","\N","\N"
"9096","1071","1","131","44","1","01:08.7","01:08.1","01:07.9"
"9097","1071","830","9","33","2","01:09.3","01:08.5","01:08.4"
"9098","1071","822","131","77","3","01:09.0","01:08.4","01:08.5"
"9099","1071","815","9","11","4","01:09.2","01:09.0","01:08.5"
"9100","1071","842","213","10","5","01:09.3","01:08.9","01:08.8"
"9101","1071","832","6","55","6","01:09.0","01:09.0","01:08.8"
"9102","1071","844","6","16","7","01:09.2","01:08.9","01:09.0"
"9103","1071","846","1","4","8","01:09.4","01:09.0","01:09.0"
"9104","1071","817","1","3","9","01:09.4","01:09.1","01:09.0"
"9105","1071","4","214","14","10","01:09.4","01:09.1","01:09.1"
"9106","1071","839","214","31","11","01:09.4","01:09.2","\N"
"9107","1071","20","117","5","12","01:09.5","01:09.4","\N"
"9108","1071","852","213","22","13","01:09.4","01:09.5","\N"
"9109","1071","8","51","7","14","01:09.6","01:09.5","\N"
"9110","1071","841","51","99","15","01:09.3","01:10.2","\N"
"9111","1071","840","117","18","16","01:09.7","\N","\N"
"9112","1071","849","3","6","17","01:09.9","\N","\N"
"9113","1071","847","3","63","18","01:10.0","\N","\N"
"9114","1071","854","210","47","19","01:10.3","\N","\N"
"9115","1071","853","210","9","20","01:10.6","\N","\N"
"9116","1051","1","131","44","1","01:21.9","01:21.7","01:20.8"
"9117","1051","830","9","33","2","01:22.0","01:22.0","01:21.3"
"9118","1051","822","131","77","3","01:22.0","01:22.0","01:21.5"
"9119","1051","842","213","10","4","01:22.5","01:21.7","01:21.6"
"9120","1051","4","214","14","5","01:22.4","01:21.9","01:21.7"
"9121","1051","846","1","4","6","01:22.8","01:22.2","01:21.7"
"9122","1051","832","6","55","7","01:22.3","01:22.2","01:21.8"
"9123","1051","852","213","22","8","01:22.5","01:22.1","01:21.9"
"9124","1051","839","214","31","9","01:22.6","01:22.0","01:22.0"
"9125","1051","20","117","5","10","01:22.5","01:22.1","01:22.8"
"9126","1051","815","9","11","11","01:22.4","01:22.3","\N"
"9127","1051","840","117","18","12","01:22.6","01:22.5","\N"
"9128","1051","844","6","16","13","01:22.7","01:22.5","\N"
"9129","1051","817","1","3","14","01:22.7","01:22.6","\N"
"9130","1051","847","3","63","15","01:22.9","01:22.8","\N"
"9131","1051","8","51","7","16","01:23.2","\N","\N"
"9132","1051","849","3","6","17","01:23.2","\N","\N"
"9133","1051","841","51","99","18","01:23.3","\N","\N"
"9134","1051","854","210","47","19","01:23.4","\N","\N"
"9135","1051","853","210","9","20","01:25.9","\N","\N"
"9136","1072","1","131","44","1","01:28.5","01:27.7","01:27.5"
"9137","1072","822","131","77","2","01:28.1","01:28.1","01:27.6"
"9138","1072","830","9","33","3","01:28.3","01:28.0","01:27.7"
"9139","1072","844","6","16","4","01:28.3","01:28.5","01:28.1"
"9140","1072","815","9","11","5","01:28.0","01:27.9","01:28.1"
"9141","1072","842","213","10","6","01:28.4","01:28.3","01:28.1"
"9142","1072","846","1","4","7","01:28.3","01:28.3","01:28.2"
"9143","1072","852","213","22","8","01:28.5","01:28.2","01:28.4"
"9144","1072","839","214","31","9","01:28.8","01:28.6","01:28.6"
"9145","1072","841","51","99","10","01:28.9","01:28.6","01:28.8"
"9146","1072","817","1","3","11","01:28.2","01:28.7","\N"
"9147","1072","8","51","7","12","01:28.9","01:28.9","\N"
"9148","1072","4","214","14","13","01:28.9","01:28.9","\N"
"9149","1072","847","3","63","14","01:28.9","01:29.1","\N"
"9150","1072","832","6","55","15","01:28.2","01:53.7","\N"
"9151","1072","849","3","6","16","01:29.2","\N","\N"
"9152","1072","20","117","5","17","01:29.2","\N","\N"
"9153","1072","840","117","18","18","01:29.4","\N","\N"
"9154","1072","854","210","47","19","01:29.5","\N","\N"
"9155","1072","853","210","9","20","01:30.5","\N","\N"
"9156","1073","830","9","33","1","01:23.3","01:22.8","01:22.1"
"9157","1073","1","131","44","2","01:22.8","01:23.1","01:22.5"
"9158","1073","846","1","4","3","01:23.6","01:23.3","01:22.9"
"9159","1073","815","9","11","4","01:23.4","01:23.1","01:22.9"
"9160","1073","832","6","55","5","01:23.6","01:23.2","01:23.0"
"9161","1073","822","131","77","6","01:23.1","01:23.2","01:23.0"
"9162","1073","844","6","16","7","01:23.5","01:23.2","01:23.1"
"9163","1073","852","213","22","8","01:23.4","01:23.4","01:23.2"
"9164","1073","839","214","31","9","01:23.8","01:23.4","01:23.4"
"9165","1073","817","1","3","10","01:23.8","01:23.4","01:23.4"
"9166","1073","4","214","14","11","01:23.8","01:23.5","\N"
"9167","1073","842","213","10","12","01:23.5","01:24.0","\N"
"9168","1073","840","117","18","13","01:24.1","01:24.1","\N"
"9169","1073","841","51","99","14","01:24.1","01:24.3","\N"
"9170","1073","20","117","5","15","01:24.2","01:24.3","\N"
"9171","1073","849","3","6","16","01:24.3","\N","\N"
"9172","1073","847","3","63","17","01:24.4","\N","\N"
"9173","1073","8","51","7","18","01:24.8","\N","\N"
"9174","1073","854","210","47","19","01:24.9","\N","\N"
"9175","1073","853","210","9","20","01:25.7","\N","\N"
"9176","1074","844","6","16","1","01:31.5","01:30.9","01:30.6"
"9177","1074","830","9","1","2","01:31.8","01:30.8","01:30.7"
"9178","1074","832","6","55","3","01:31.6","01:30.8","01:30.7"
"9179","1074","815","9","11","4","01:32.3","01:31.0","01:30.9"
"9180","1074","1","131","44","5","01:32.3","01:31.0","01:31.2"
"9181","1074","822","51","77","6","01:31.9","01:31.7","01:31.6"
"9182","1074","825","210","20","7","01:32.0","01:31.5","01:31.8"
"9183","1074","4","214","14","8","01:32.3","01:31.6","01:32.2"
"9184","1074","847","131","63","9","01:32.3","01:31.3","01:32.2"
"9185","1074","842","213","10","10","01:32.1","01:31.6","01:32.3"
"9186","1074","839","214","31","11","01:32.0","01:31.8","\N"
"9187","1074","854","210","47","12","01:32.4","01:32.0","\N"
"9188","1074","846","1","4","13","01:32.2","01:32.0","\N"
"9189","1074","848","3","23","14","01:32.7","01:32.7","\N"
"9190","1074","855","51","24","15","01:32.5","01:33.5","\N"
"9191","1074","852","213","22","16","01:32.7","\N","\N"
"9192","1074","807","117","27","17","01:32.8","\N","\N"
"9193","1074","817","1","3","18","01:32.9","\N","\N"
"9194","1074","840","117","18","19","01:33.0","\N","\N"
"9195","1074","849","3","6","20","01:33.6","\N","\N"
"9213","1075","815","9","11","1","01:29.7","01:28.9","01:28.2"
"9214","1075","844","6","16","2","01:29.0","01:28.8","01:28.2"
"9215","1075","832","6","55","3","01:28.9","01:28.7","01:28.4"
"9216","1075","830","9","1","4","01:28.9","01:28.9","01:28.5"
"9217","1075","839","214","31","5","01:30.1","01:29.6","01:29.1"
"9218","1075","847","131","63","6","01:29.7","01:29.6","01:29.1"
"9219","1075","4","214","14","7","01:30.0","01:29.3","01:29.1"
"9220","1075","822","51","77","8","01:29.7","01:29.4","01:29.2"
"9221","1075","842","213","10","9","01:29.9","01:29.4","01:29.3"
"9222","1075","825","210","20","10","01:29.8","01:29.5","01:29.6"
"9223","1075","846","1","4","11","01:30.0","01:29.7","\N"
"9224","1075","817","1","3","12","01:30.0","01:29.8","\N"
"9225","1075","855","51","24","13","01:30.0","01:29.8","\N"
"9226","1075","854","210","47","14","01:30.2","01:29.9","\N"
"9227","1075","840","117","18","15","01:30.3","01:31.0","\N"
"9228","1075","1","131","44","16","01:30.3","\N","\N"
"9229","1075","848","3","23","17","01:30.5","\N","\N"
"9230","1075","807","117","27","18","01:30.5","\N","\N"
"9231","1075","849","3","6","19","01:31.8","\N","\N"
"9232","1075","852","213","22","20","\N","\N","\N"
"9233","1076","844","6","16","1","01:18.9","01:18.6","01:17.9"
"9234","1076","830","9","1","2","01:18.6","01:18.6","01:18.2"
"9235","1076","815","9","11","3","01:18.8","01:18.3","01:18.2"
"9236","1076","846","1","4","4","01:19.3","01:19.1","01:18.7"
"9237","1076","1","131","44","5","01:19.4","01:19.1","01:18.8"
"9238","1076","847","131","63","6","01:19.4","01:19.1","01:18.9"
"9239","1076","817","1","3","7","01:19.7","01:19.1","01:19.0"
"9240","1076","839","214","31","8","01:19.6","01:19.1","01:19.1"
"9241","1076","832","6","55","9","01:19.0","01:18.5","01:19.4"
"9242","1076","4","214","14","10","01:19.2","01:18.8",NULL
"9243","1076","842","213","10","11","01:19.6","01:19.2",NULL
"9244","1076","822","51","77","12","01:19.3","01:19.4",NULL
"9245","1076","852","213","22","13","01:19.7","01:19.4",NULL
"9246","1076","855","51","24","14","01:19.9","01:20.2",NULL
"9247","1076","854","210","47","15","01:20.1","01:20.5",NULL
"9248","1076","848","3","23","16","01:20.1",NULL,NULL
"9249","1076","825","210","20","17","01:20.3",NULL,NULL
"9250","1076","20","117","5","18","01:21.1",NULL,NULL
"9251","1076","849","3","6","19","01:21.4",NULL,NULL
"9252","1076","840","117","18","20","\N","\N","\N"
"9253","1077","830","9","1","1","01:19.3","01:18.8","01:28.0"
"9254","1077","844","6","16","2","01:18.8","01:19.6","01:28.8"
"9255","1077","846","1","4","3","01:20.2","01:19.3","01:29.1"
"9256","1077","825","210","20","4","01:20.1","01:19.9","01:29.2"
"9257","1077","4","214","14","5","01:20.2","01:19.6","01:29.2"
"9258","1077","817","1","3","6","01:20.0","01:20.0","01:29.7"
"9259","1077","815","9","11","7","01:19.8","01:19.3","01:29.8"
"9260","1077","822","51","77","8","01:20.4","01:20.2","01:30.4"
"9261","1077","20","117","5","9","01:20.4","01:20.0","01:31.1"
"9262","1077","832","6","55","10","01:19.3","01:19.0",NULL
"9263","1077","847","131","63","11","01:20.4","01:20.8",NULL
"9264","1077","854","210","47","12","01:20.4","01:20.9",NULL
"9265","1077","1","131","44","13","01:20.5","01:21.1",NULL
"9266","1077","855","51","24","14","01:19.7","01:21.4",NULL
"9267","1077","840","117","18","15","01:20.3","01:28.1",NULL
"9268","1077","852","213","22","16","01:20.5",NULL,NULL
"9269","1077","842","213","10","17","01:20.7",NULL,NULL
"9270","1077","849","3","6","18","01:22.0",NULL,NULL
"9271","1077","839","214","31","19","01:22.3",NULL,NULL
"9272","1077","848","3","23","20","\N","\N","\N"
"9273","1078","844","6","16","1","01:29.5","01:29.1","01:28.8"
"9274","1078","832","6","55","2","01:30.1","01:29.7","01:29.0"
"9275","1078","830","9","1","3","01:29.8","01:29.2","01:29.0"
"9276","1078","815","9","11","4","01:30.1","01:29.7","01:29.0"
"9277","1078","822","51","77","5","01:30.8","01:29.8","01:29.5"
"9278","1078","1","131","44","6","01:30.4","01:29.8","01:29.6"
"9279","1078","842","213","10","7","01:30.8","01:30.1","01:29.7"
"9280","1078","846","1","4","8","01:30.8","01:29.6","01:29.8"
"9281","1078","852","213","22","9","01:30.5","01:30.0","01:29.9"
"9282","1078","840","117","18","10","01:30.4","01:30.0","01:30.7"
"9283","1078","4","214","14","11","01:30.4","01:30.2",NULL
"9284","1078","847","131","63","12","01:30.5","01:30.2",NULL
"9285","1078","20","117","5","13","01:30.7","01:30.2",NULL
"9286","1078","817","1","3","14","01:30.6","01:30.3",NULL
"9287","1078","854","210","47","15","01:30.6","01:30.4",NULL
"9288","1078","825","210","20","16","01:31.0",NULL,NULL
"9289","1078","855","51","24","17","01:31.0",NULL,NULL
"9290","1078","848","3","23","18","01:31.3",NULL,NULL
"9291","1078","849","3","6","19","01:31.3",NULL,NULL
"9292","1078","839","214","31","20","\N","\N","\N"
"9293","1079","844","6","16","1","01:19.9","01:20.0","01:18.7"
"9294","1079","830","9","1","2","01:20.1","01:19.2","01:19.1"
"9295","1079","832","6","55","3","01:19.9","01:19.5","01:19.2"
"9296","1079","847","131","63","4","01:20.2","01:19.5","01:19.4"
"9297","1079","815","9","11","5","01:20.4","01:19.8","01:19.4"
"9298","1079","1","131","44","6","01:20.3","01:19.8","01:19.5"
"9299","1079","822","51","77","7","01:20.4","01:20.1","01:19.6"
"9300","1079","825","210","20","8","01:20.2","01:19.8","01:19.7"
"9301","1079","817","1","3","9","01:20.5","01:20.3","01:20.3"
"9302","1079","854","210","47","10","01:20.7","01:20.4","01:20.4"
"9303","1079","846","1","4","11","01:20.8","01:20.5","\N"
"9304","1079","839","214","31","12","01:20.9","01:20.6","\N"
"9305","1079","852","213","22","13","01:20.7","01:20.6","\N"
"9306","1079","842","213","10","14","01:20.7","01:20.9","\N"
"9307","1079","855","51","24","15","01:20.5","01:21.1","\N"
"9308","1079","20","117","5","16","01:21.0","\N","\N"
"9309","1079","4","214","14","17","01:21.0","\N","\N"
"9310","1079","840","117","18","18","01:21.4","\N","\N"
"9311","1079","848","3","23","19","01:21.6","\N","\N"
"9312","1079","849","3","6","20","01:21.9","\N","\N"
"9313","1080","844","6","16","1","01:12.6","01:11.9","01:11.4"
"9314","1080","832","6","55","2","01:12.6","01:12.1","01:11.6"
"9315","1080","815","9","11","3","01:13.0","01:12.0","01:11.6"
"9316","1080","830","9","1","4","01:13.0","01:12.1","01:11.7"
"9317","1080","846","1","4","5","01:12.9","01:12.3","01:11.8"
"9318","1080","847","131","63","6","01:12.8","01:12.6","01:12.1"
"9319","1080","4","214","14","7","01:13.4","01:12.7","01:12.2"
"9320","1080","1","131","44","8","01:13.4","01:12.6","01:12.6"
"9321","1080","20","117","5","9","01:13.3","01:12.6","01:12.7"
"9322","1080","839","214","31","10","01:12.8","01:12.5","01:13.0"
"9323","1080","852","213","22","11","01:13.1","01:12.8",NULL
"9324","1080","822","51","77","12","01:13.5","01:12.9",NULL
"9325","1080","825","210","20","13","01:13.1","01:12.9",NULL
"9326","1080","817","1","3","14","01:13.3","01:13.0",NULL
"9327","1080","854","210","47","15","01:13.5","01:13.1",NULL
"9328","1080","848","3","23","16","01:13.6",NULL,NULL
"9329","1080","842","213","10","17","01:13.7",NULL,NULL
"9330","1080","840","117","18","18","01:13.7",NULL,NULL
"9331","1080","849","3","6","19","01:14.4",NULL,NULL
"9332","1080","855","51","24","20","01:15.6",NULL,NULL
"9333","1081","844","6","16","1","01:42.9","01:42.0","01:41.4"
"9334","1081","815","9","11","2","01:42.7","01:42.0","01:41.6"
"9335","1081","830","9","1","3","01:42.7","01:42.2","01:41.7"
"9336","1081","832","6","55","4","01:43.0","01:42.1","01:41.8"
"9337","1081","847","131","63","5","01:43.8","01:43.3","01:42.7"
"9338","1081","842","213","10","6","01:43.3","01:43.1","01:42.8"
"9339","1081","1","131","44","7","01:43.9","01:43.2","01:42.9"
"9340","1081","852","213","22","8","01:43.6","01:43.4","01:43.1"
"9341","1081","20","117","5","9","01:43.3","01:43.3","01:43.1"
"9342","1081","4","214","14","10","01:44.1","01:43.4","01:43.2"
"9343","1081","846","1","4","11","01:44.2","01:43.4","\N"
"9344","1081","817","1","3","12","01:44.4","01:43.6","\N"
"9345","1081","839","214","31","13","01:43.9","01:43.6","\N"
"9346","1081","855","51","24","14","01:43.8","01:43.8","\N"
"9347","1081","822","51","77","15","01:44.5","01:44.4","\N"
"9348","1081","825","210","20","16","01:44.6","\N","\N"
"9349","1081","848","3","23","17","01:44.7","\N","\N"
"9350","1081","849","3","6","18","01:45.4","\N","\N"
"9351","1081","840","117","18","19","01:45.4","\N","\N"
"9352","1081","854","210","47","20","01:45.8","\N","\N"
"9353","1082","830","9","1","1","01:32.2","01:23.7","01:21.3"
"9354","1082","4","214","14","2","01:32.3","01:24.8","01:21.9"
"9355","1082","832","6","55","3","01:32.8","01:25.2","01:22.1"
"9356","1082","1","131","44","4","01:33.8","01:25.5","01:22.9"
"9357","1082","825","210","20","5","01:33.0","01:26.3","01:23.0"
"9358","1082","854","210","47","6","01:33.7","01:25.7","01:23.4"
"9359","1082","839","214","31","7","01:33.0","01:26.1","01:23.5"
"9360","1082","847","131","63","8","01:33.2","01:25.0","01:23.6"
"9361","1082","817","1","3","9","01:33.6","01:26.4","01:23.7"
"9362","1082","855","51","24","10","01:33.7","01:26.1","01:24.0"
"9363","1082","822","51","77","11","01:33.7","01:26.8","\N"
"9364","1082","848","3","23","12","01:34.0","01:26.9","\N"
"9365","1082","815","9","11","13","01:33.9","01:33.1","\N"
"9366","1082","846","1","4","14","01:34.1","\N","\N"
"9367","1082","844","6","16","15","01:33.0","\N","\N"
"9368","1082","842","213","10","16","01:34.5","\N","\N"
"9369","1082","20","117","5","17","01:34.5","\N","\N"
"9370","1082","840","117","18","18","01:35.5","\N","\N"
"9371","1082","849","3","6","19","01:35.7","\N","\N"
"9372","1082","852","213","22","20","01:36.6","\N","\N"
"9373","1083","832","6","55","1","01:40.2","01:41.6","01:41.0"
"9374","1083","830","9","1","2","01:39.1","01:40.7","01:41.1"
"9375","1083","844","6","16","3","01:39.8","01:41.2","01:41.3"
"9376","1083","815","9","11","4","01:40.5","01:42.5","01:41.6"
"9377","1083","1","131","44","5","01:40.4","01:41.1","01:42.0"
"9378","1083","846","1","4","6","01:41.5","01:41.8","01:42.1"
"9379","1083","4","214","14","7","01:41.6","01:42.2","01:42.1"
"9380","1083","847","131","63","8","01:40.0","01:41.7","01:42.2"
"9381","1083","855","51","24","9","01:40.8","01:42.6","01:42.7"
"9382","1083","849","3","6","10","01:42.0","01:43.3","02:03.1"
"9383","1083","842","213","10","11","01:41.7","01:43.7","\N"
"9384","1083","822","51","77","12","01:41.4","01:44.2","\N"
"9385","1083","852","213","22","13","01:41.9","01:44.3","\N"
"9386","1083","817","1","3","14","01:41.9","01:44.4","\N"
"9387","1083","839","214","31","15","01:41.7","01:45.2","\N"
"9388","1083","848","3","23","16","01:42.1","\N","\N"
"9389","1083","825","210","20","17","01:42.2","\N","\N"
"9390","1083","20","117","5","18","01:42.7","\N","\N"
"9391","1083","854","210","47","19","01:42.7","\N","\N"
"9392","1083","840","117","18","20","01:43.4","\N","\N"
"9393","1084","830","9","1","1","01:05.9","01:05.4","01:05.0"
"9394","1084","844","6","16","2","01:05.4","01:05.3","01:05.0"
"9395","1084","832","6","55","3","01:05.7","01:05.6","01:05.1"
"9396","1084","847","131","63","4","01:06.2","01:05.7","01:05.4"
"9397","1084","839","214","31","5","01:06.5","01:06.0","01:05.7"
"9398","1084","825","210","20","6","01:06.4","01:05.9","01:05.9"
"9399","1084","854","210","47","7","01:06.4","01:06.2","01:06.0"
"9400","1084","4","214","14","8","01:06.0","01:06.1","01:06.1"
"9401","1084","1","131","44","9","01:06.1","01:05.5","01:13.2"
"9402","1084","842","213","10","10","01:06.6","01:06.2","\N"
"9403","1084","848","3","23","11","01:06.5","01:06.2","\N"
"9404","1084","822","51","77","12","01:06.4","01:06.3","\N"
"9405","1084","815","9","11","13","01:06.1","01:06.5","\N"
"9406","1084","852","213","22","14","01:06.5","01:06.9","\N"
"9407","1084","846","1","4","15","01:06.3","01:25.8","\N"
"9408","1084","817","1","3","16","01:06.6","\N","\N"
"9409","1084","840","117","18","17","01:06.8","\N","\N"
"9410","1084","855","51","24","18","01:06.9","\N","\N"
"9411","1084","849","3","6","19","01:07.0","\N","\N"
"9412","1084","20","117","5","20","01:07.1","\N","\N"
"9413","1085","844","6","16","1","01:31.7","01:31.2","01:30.9"
"9414","1085","830","9","1","2","01:31.9","01:32.0","01:31.2"
"9415","1085","815","9","11","3","01:32.4","01:32.1","01:31.3"
"9416","1085","1","131","44","4","01:33.0","01:32.3","01:31.8"
"9417","1085","846","1","4","5","01:32.7","01:32.8","01:32.0"
"9418","1085","847","131","63","6","01:33.1","01:32.6","01:32.1"
"9419","1085","4","214","14","7","01:32.8","01:32.6","01:32.6"
"9420","1085","852","213","22","8","01:33.4","01:32.8","01:32.8"
"9421","1085","832","6","55","9","01:32.3","01:31.1","\N"
"9422","1085","825","210","20","10","01:32.8","01:32.6","\N"
"9423","1085","817","1","3","11","01:33.4","01:32.9","\N"
"9424","1085","839","214","31","12","01:33.3","01:33.0","\N"
"9425","1085","822","51","77","13","01:33.0","01:33.1","\N"
"9426","1085","20","117","5","14","01:33.3","01:33.3","\N"
"9427","1085","848","3","23","15","01:33.4","01:33.3","\N"
"9428","1085","842","213","10","16","01:33.4","\N","\N"
"9429","1085","840","117","18","17","01:33.4","\N","\N"
"9430","1085","855","51","24","18","01:33.7","\N","\N"
"9431","1085","854","210","47","19","01:33.7","\N","\N"
"9432","1085","849","3","6","20","01:33.8","\N","\N"
"9433","1086","847","131","63","1","01:18.4","01:18.2","01:17.4"
"9434","1086","832","6","55","2","01:18.4","01:17.9","01:17.4"
"9435","1086","844","6","16","3","01:18.8","01:17.8","01:17.6"
"9436","1086","846","1","4","4","01:18.7","01:18.1","01:17.8"
"9437","1086","839","214","31","5","01:18.9","01:18.2","01:18.0"
"9438","1086","4","214","14","6","01:18.7","01:17.9","01:18.1"
"9439","1086","1","131","44","7","01:18.4","01:18.0","01:18.1"
"9440","1086","822","51","77","8","01:18.9","01:18.4","01:18.2"
"9441","1086","817","1","3","9","01:18.8","01:18.2","01:18.4"
"9442","1086","830","9","1","10","01:18.5","01:17.7","01:18.8"
"9443","1086","815","9","11","11","01:19.1","01:18.5","\N"
"9444","1086","855","51","24","12","01:19.0","01:18.6","\N"
"9445","1086","825","210","20","13","01:19.0","01:18.8","\N"
"9446","1086","840","117","18","14","01:19.2","01:19.1","\N"
"9447","1086","854","210","47","15","01:19.2","01:19.2","\N"
"9448","1086","852","213","22","16","01:19.2","\N","\N"
"9449","1086","848","3","23","17","01:19.3","\N","\N"
"9450","1086","20","117","5","18","01:19.3","\N","\N"
"9451","1086","842","213","10","19","01:19.5","\N","\N"
"9452","1086","849","3","6","20","01:19.6","\N","\N"
"9453","1087","830","9","1","1","01:44.6","01:44.7","01:43.7"
"9454","1087","832","6","55","2","01:45.1","01:45.4","01:44.3"
"9455","1087","815","9","11","3","01:45.4","01:44.8","01:44.5"
"9456","1087","844","6","16","4","01:45.6","01:44.6","01:44.6"
"9457","1087","839","214","31","5","01:46.0","01:45.5","01:45.2"
"9458","1087","4","214","14","6","01:46.1","01:45.6","01:45.4"
"9459","1087","1","131","44","7","01:45.7","01:45.4","01:45.5"
"9460","1087","847","131","63","8","01:45.7","01:45.5","01:45.8"
"9461","1087","848","3","23","9","01:45.7","01:45.7","01:45.8"
"9462","1087","846","1","4","10","01:45.7","01:45.6","01:46.2"
"9463","1087","817","1","3","11","01:46.2","01:45.8","\N"
"9464","1087","842","213","10","12","01:46.2","01:45.8","\N"
"9465","1087","855","51","24","13","01:46.2","01:46.1","\N"
"9466","1087","840","117","18","14","01:46.3","01:46.6","\N"
"9467","1087","854","210","47","15","01:46.3","01:47.7","\N"
"9468","1087","20","117","5","16","01:46.3","\N","\N"
"9469","1087","849","3","6","17","01:46.4","\N","\N"
"9470","1087","825","210","20","18","01:46.6","\N","\N"
"9471","1087","852","213","22","19","01:46.7","\N","\N"
"9472","1087","822","51","77","20","01:47.9","\N","\N"
"9473","1088","830","9","1","1","01:11.3","01:10.9","01:10.3"
"9474","1088","844","6","16","2","01:11.4","01:11.0","01:10.4"
"9475","1088","832","6","55","3","01:11.8","01:10.8","01:10.4"
"9476","1088","1","131","44","4","01:11.3","01:11.1","01:10.6"
"9477","1088","815","9","11","5","01:11.6","01:11.3","01:11.1"
"9478","1088","847","131","63","6","01:11.6","01:10.8","01:11.1"
"9479","1088","846","1","4","7","01:11.6","01:11.1","01:11.2"
"9480","1088","854","210","47","8","01:11.7","01:11.4","01:11.4"
"9481","1088","852","213","22","9","01:11.4","01:11.4","01:12.6"
"9482","1088","840","117","18","10","01:11.6","01:11.4","\N"
"9483","1088","842","213","10","11","01:11.7","01:11.5","\N"
"9484","1088","839","214","31","12","01:11.7","01:11.6","\N"
"9485","1088","4","214","14","13","01:11.7","01:11.6","\N"
"9486","1088","855","51","24","14","01:11.8","01:11.7","\N"
"9487","1088","848","3","23","15","01:11.7","01:11.8","\N"
"9488","1088","822","51","77","16","01:12.0","\N","\N"
"9489","1088","817","1","3","17","01:12.1","\N","\N"
"9490","1088","825","210","20","18","01:12.3","\N","\N"
"9491","1088","20","117","5","19","01:12.4","\N","\N"
"9492","1088","849","3","6","20","01:13.4","\N","\N"
"9493","1089","844","6","16","1","01:21.3","01:21.2","01:20.2"
"9494","1089","830","9","1","2","01:20.9","01:21.3","01:20.3"
"9495","1089","832","6","55","3","01:21.3","01:20.9","01:20.4"
"9496","1089","815","9","11","4","01:21.5","01:21.4","01:21.2"
"9497","1089","1","131","44","5","01:22.0","01:21.7","01:21.5"
"9498","1089","847","131","63","6","01:21.8","01:21.7","01:21.5"
"9499","1089","846","1","4","7","01:22.1","01:21.8","01:21.6"
"9500","1089","817","1","3","8","01:22.1","01:21.9","01:21.9"
"9501","1089","842","213","10","9","01:22.0","01:22.1","01:22.6"
"9502","1089","4","214","14","10","01:22.1","01:21.9","\N"
"9503","1089","839","214","31","11","01:22.2","01:22.1","\N"
"9504","1089","822","51","77","12","01:22.3","01:22.2","\N"
"9505","1089","856","3","45","13","01:22.6","01:22.5","\N"
"9506","1089","855","51","24","14","01:22.0","01:22.6","\N"
"9507","1089","852","213","22","15","01:22.0","\N","\N"
"9508","1089","849","3","6","16","01:22.6","\N","\N"
"9509","1089","20","117","5","17","01:22.6","\N","\N"
"9510","1089","840","117","18","18","01:22.7","\N","\N"
"9511","1089","825","210","20","19","01:22.9","\N","\N"
"9512","1089","854","210","47","20","01:23.0","\N","\N"
"9513","1091","844","6","16","1","01:54.1","01:52.3","01:49.4"
"9514","1091","815","9","11","2","01:54.4","01:52.8","01:49.4"
"9515","1091","1","131","44","3","01:53.2","01:52.7","01:49.5"
"9516","1091","832","6","55","4","01:54.6","01:53.2","01:49.6"
"9517","1091","4","214","14","5","01:55.4","01:53.1","01:50.0"
"9518","1091","846","1","4","6","01:55.9","01:53.9","01:50.6"
"9519","1091","842","213","10","7","01:55.6","01:53.5","01:51.2"
"9520","1091","830","9","1","8","01:53.1","01:52.7","01:51.4"
"9521","1091","825","210","20","9","01:55.1","01:54.0","01:51.6"
"9522","1091","852","213","22","10","01:55.3","01:53.8","01:52.0"
"9523","1091","847","131","63","11","01:54.6","01:54.0","\N"
"9524","1091","840","117","18","12","01:55.6","01:54.2","\N"
"9525","1091","854","210","47","13","01:55.7","01:54.4","\N"
"9526","1091","20","117","5","14","01:55.6","01:54.4","\N"
"9527","1091","855","51","24","15","01:55.4","01:55.5","\N"
"9528","1091","822","51","77","16","01:56.1","\N","\N"
"9529","1091","817","1","3","17","01:56.2","\N","\N"
"9530","1091","839","214","31","18","01:56.3","\N","\N"
"9531","1091","848","3","23","19","01:57.0","\N","\N"
"9532","1091","849","3","6","20","01:57.5","\N","\N"
"9533","1092","830","9","1","1","01:30.2","01:30.3","01:29.3"
"9534","1092","844","6","16","2","01:30.4","01:30.5","01:29.3"
"9535","1092","832","6","55","3","01:30.3","01:30.4","01:29.4"
"9536","1092","815","9","11","4","01:30.6","01:29.9","01:29.7"
"9537","1092","839","214","31","5","01:30.7","01:30.4","01:30.2"
"9538","1092","1","131","44","6","01:30.9","01:30.4","01:30.3"
"9539","1092","4","214","14","7","01:30.6","01:30.3","01:30.3"
"9540","1092","847","131","63","8","01:30.9","01:30.5","01:30.4"
"9541","1092","20","117","5","9","01:31.3","01:30.7","01:30.6"
"9542","1092","846","1","4","10","01:30.9","01:30.5","01:31.0"
"9543","1092","817","1","3","11","01:30.9","01:30.7","\N"
"9544","1092","822","51","77","12","01:31.2","01:30.7","\N"
"9545","1092","852","213","22","13","01:31.1","01:30.8","\N"
"9546","1092","855","51","24","14","01:30.9","01:31.0","\N"
"9547","1092","854","210","47","15","01:31.2","01:31.4","\N"
"9548","1092","848","3","23","16","01:31.3","\N","\N"
"9549","1092","842","213","10","17","01:31.3","\N","\N"
"9550","1092","825","210","20","18","01:31.4","\N","\N"
"9551","1092","840","117","18","19","01:31.4","\N","\N"
"9552","1092","849","3","6","20","01:31.5","\N","\N"
"9553","1093","832","6","55","1","01:35.3","01:35.6","01:34.4"
"9554","1093","844","6","16","2","01:35.8","01:35.2","01:34.4"
"9555","1093","830","9","1","3","01:35.9","01:35.3","01:34.4"
"9556","1093","815","9","11","4","01:36.2","01:35.9","01:34.6"
"9557","1093","1","131","44","5","01:36.1","01:35.7","01:34.9"
"9558","1093","847","131","63","6","01:36.2","01:35.7","01:35.0"
"9559","1093","840","117","18","7","01:36.9","01:36.0","01:35.6"
"9560","1093","846","1","4","8","01:36.5","01:36.3","01:35.7"
"9561","1093","4","214","14","9","01:36.4","01:36.0","01:35.9"
"9562","1093","822","51","77","10","01:36.7","01:36.3","01:36.3"
"9563","1093","848","3","23","11","01:36.9","01:36.4","\N"
"9564","1093","20","117","5","12","01:36.7","01:36.4","\N"
"9565","1093","842","213","10","13","01:36.6","01:36.7","\N"
"9566","1093","855","51","24","14","01:36.7","01:37.0","\N"
"9567","1093","852","213","22","15","01:36.8","01:37.1","\N"
"9568","1093","825","210","20","16","01:36.9","\N","\N"
"9569","1093","817","1","3","17","01:37.0","\N","\N"
"9570","1093","839","214","31","18","01:37.1","\N","\N"
"9571","1093","854","210","47","19","01:37.1","\N","\N"
"9572","1093","849","3","6","20","01:37.2","\N","\N"
"9573","1094","830","9","1","1","01:19.2","01:18.6","01:17.8"
"9574","1094","847","131","63","2","01:19.6","01:18.6","01:18.1"
"9575","1094","1","131","44","3","01:19.2","01:18.6","01:18.1"
"9576","1094","815","9","11","4","01:19.7","01:18.6","01:18.1"
"9577","1094","832","6","55","5","01:19.6","01:18.6","01:18.4"
"9578","1094","822","51","77","6","01:19.5","01:18.8","01:18.4"
"9579","1094","844","6","16","7","01:19.5","01:19.1","01:18.6"
"9580","1094","846","1","4","8","01:19.9","01:19.1","01:18.7"
"9581","1094","4","214","14","9","01:20.0","01:19.3","01:18.9"
"9582","1094","839","214","31","10","01:19.9","01:19.1","01:19.0"
"9583","1094","817","1","3","11","01:20.3","01:19.3","\N"
"9584","1094","855","51","24","12","01:20.3","01:19.5","\N"
"9585","1094","852","213","22","13","01:19.9","01:19.6","\N"
"9586","1094","842","213","10","14","01:20.3","01:19.7","\N"
"9587","1094","825","210","20","15","01:20.3","01:19.8","\N"
"9588","1094","854","210","47","16","01:20.4","\N","\N"
"9589","1094","20","117","5","17","01:20.4","\N","\N"
"9590","1094","840","117","18","18","01:20.5","\N","\N"
"9591","1094","848","3","23","19","01:20.9","\N","\N"
"9592","1094","849","3","6","20","01:21.2","\N","\N"
"9593","1095","825","210","20","1","01:14.0","01:11.4","01:11.7"
"9594","1095","830","9","1","2","01:13.6","01:10.9","01:11.9"
"9595","1095","847","131","63","3","01:14.4","01:11.3","01:12.1"
"9596","1095","846","1","4","4","01:13.1","01:11.4","01:12.3"
"9597","1095","832","6","55","5","01:14.7","01:10.9","01:12.4"
"9598","1095","839","214","31","6","01:14.7","01:11.6","01:12.4"
"9599","1095","4","214","14","7","01:13.5","01:11.4","01:12.5"
"9600","1095","1","131","44","8","01:13.4","01:11.5","01:12.6"
"9601","1095","815","9","11","9","01:13.6","01:11.5","01:15.6"
"9602","1095","844","6","16","10","01:14.5","01:11.0",NULL
"9603","1095","848","3","23","11","01:14.3","01:11.6",NULL
"9604","1095","842","213","10","12","01:14.4","01:11.7",NULL
"9605","1095","20","117","5","13","01:13.6","01:11.7",NULL
"9606","1095","817","1","3","14","01:14.9","01:12.1",NULL
"9607","1095","849","3","6","16","01:15.1","\N","\N"
"9608","1095","855","51","24","17","01:15.2","\N","\N"
"9609","1095","822","51","77","18","01:15.5","\N","\N"
"9610","1095","852","213","22","19","01:16.3","\N","\N"
"9611","1095","854","210","47","20","01:16.4","\N","\N"
"9612","1095","840","117","18","15","01:14.4","01:12.2","\N"
"9613","1096","830","9","1","1","01:24.8","01:24.6","01:23.8"
"9614","1096","815","9","11","2","01:24.8","01:24.4","01:24.1"
"9615","1096","844","6","16","3","01:25.2","01:24.5","01:24.1"
"9616","1096","832","6","55","4","01:25.1","01:24.5","01:24.2"
"9617","1096","1","131","44","5","01:25.6","01:24.8","01:24.5"
"9618","1096","847","131","63","6","01:25.5","01:24.9","01:24.5"
"9619","1096","846","1","4","7","01:25.4","01:24.9","01:24.8"
"9620","1096","839","214","31","8","01:25.7","01:25.0","01:24.8"
"9621","1096","20","117","5","9","01:25.5","01:25.0","01:25.0"
"9622","1096","817","1","3","10","01:25.8","01:25.1","01:25.0"
"9623","1096","4","214","14","11","01:25.8","01:25.1","\N"
"9624","1096","852","213","22","12","01:25.6","01:25.2","\N"
"9625","1096","854","210","47","13","01:25.7","01:25.2","\N"
"9626","1096","840","117","18","14","01:25.7","01:25.4","\N"
"9627","1096","855","51","24","15","01:25.6","01:25.4","\N"
"9628","1096","825","210","20","16","01:25.8","\N","\N"
"9629","1096","842","213","10","17","01:25.9","\N","\N"
"9630","1096","822","51","77","18","01:25.9","\N","\N"
"9631","1096","848","3","23","19","01:26.0","\N","\N"
"9632","1096","849","3","6","20","01:26.1","\N","\N"
