"firstname","lastname","stint1tire","stint1lap","stint2tire","stint2lap","stint3tire","stint3lap","stint4tire","stint4lap","stint5tire","stint5lap","stint6tire","stint6lap","stint7tire","stint7lap","stint8tire","stint8lap","stint9tire","stint9lap","stint10tire","stint10lap","raceid","driverid"
"Lance","Stroll","C4","26","C3","27",NULL,NULL,NULL,NULL,NULL,NULL,NULL,NULL,NULL,NULL,NULL,NULL,NULL,NULL,NULL,NULL,"1038","840"
"Lance","Stroll","C3","27","C2","30",NULL,NULL,NULL,NULL,NULL,NULL,NULL,NULL,NULL,NULL,NULL,NULL,NULL,NULL,NULL,NULL,"1010","840"
"Lance","Stroll","C3","14","C2","16","C3","14",NULL,NULL,NULL,NULL,NULL,NULL,NULL,NULL,NULL,NULL,NULL,NULL,NULL,NULL,"1022","840"
"Lance","Stroll","C4","11","C2","33",NULL,NULL,NULL,NULL,NULL,NULL,NULL,NULL,NULL,NULL,NULL,NULL,NULL,NULL,NULL,NULL,"1037","840"
"Antonio","Giovinazzi","C3","20","C2","6","C4","4",NULL,NULL,NULL,NULL,NULL,NULL,NULL,NULL,NULL,NULL,NULL,NULL,NULL,NULL,"1038","841"
"Pierre","Gasly","C4","19","C2","7","C3","27",NULL,NULL,NULL,NULL,NULL,NULL,NULL,NULL,NULL,NULL,NULL,NULL,NULL,NULL,"1038","842"
"Charles","Leclerc","C4","17","C2","6",NULL,NULL,NULL,NULL,NULL,NULL,NULL,NULL,NULL,NULL,NULL,NULL,NULL,NULL,NULL,NULL,"1038","844"
"Lando","Norris","C4","22","C3","31",NULL,NULL,NULL,NULL,NULL,NULL,NULL,NULL,NULL,NULL,NULL,NULL,NULL,NULL,NULL,NULL,"1038","846"
"George","Russell","C3","22","C2","4","C3","27",NULL,NULL,NULL,NULL,NULL,NULL,NULL,NULL,NULL,NULL,NULL,NULL,NULL,NULL,"1038","847"
"Alexander","Albon","C4","22","C3","4","C2","27",NULL,NULL,NULL,NULL,NULL,NULL,NULL,NULL,NULL,NULL,NULL,NULL,NULL,NULL,"1038","848"
"Alexander","Albon","C4","26","C3","27",NULL,NULL,NULL,NULL,NULL,NULL,NULL,NULL,NULL,NULL,NULL,NULL,NULL,NULL,NULL,NULL,"1023","848"
"Alexander","Albon","C4","11","C3","33",NULL,NULL,NULL,NULL,NULL,NULL,NULL,NULL,NULL,NULL,NULL,NULL,NULL,NULL,NULL,NULL,"1037","848"
"Lewis","Hamilton","C4","20","C3","6","C2","2",NULL,NULL,NULL,NULL,NULL,NULL,NULL,NULL,NULL,NULL,NULL,NULL,NULL,NULL,"1038","1"
"Kimi","Raikkonen","C3","18","C2","8","C4","27",NULL,NULL,NULL,NULL,NULL,NULL,NULL,NULL,NULL,NULL,NULL,NULL,NULL,NULL,"1038","8"
"Sebastian","Vettel","C2","6",NULL,NULL,NULL,NULL,NULL,NULL,NULL,NULL,NULL,NULL,NULL,NULL,NULL,NULL,NULL,NULL,NULL,NULL,"1038","20"
"Romain","Grosjean","C3","22","C2","31",NULL,NULL,NULL,NULL,NULL,NULL,NULL,NULL,NULL,NULL,NULL,NULL,NULL,NULL,NULL,NULL,"1038","154"
"Sergio","Perez","C4","22","C3","31",NULL,NULL,NULL,NULL,NULL,NULL,NULL,NULL,NULL,NULL,NULL,NULL,NULL,NULL,NULL,NULL,"1038","815"
"Daniel","Ricciardo","C4","22","C3","31",NULL,NULL,NULL,NULL,NULL,NULL,NULL,NULL,NULL,NULL,NULL,NULL,NULL,NULL,NULL,NULL,"1038","817"
"Valtteri","Bottas","C4","22","C3","31",NULL,NULL,NULL,NULL,NULL,NULL,NULL,NULL,NULL,NULL,NULL,NULL,NULL,NULL,NULL,NULL,"1038","822"
"Kevin","Magnussen","C3","1","C2","16",NULL,NULL,NULL,NULL,NULL,NULL,NULL,NULL,NULL,NULL,NULL,NULL,NULL,NULL,NULL,NULL,"1038","825"
"Daniil","Kvyat","C2","22","C3","31",NULL,NULL,NULL,NULL,NULL,NULL,NULL,NULL,NULL,NULL,NULL,NULL,NULL,NULL,NULL,NULL,"1038","826"
"Max","Verstappen","C4","22","C3","8",NULL,NULL,NULL,NULL,NULL,NULL,NULL,NULL,NULL,NULL,NULL,NULL,NULL,NULL,NULL,NULL,"1038","830"
"Carlos","Sainz","C4","22","C3","31",NULL,NULL,NULL,NULL,NULL,NULL,NULL,NULL,NULL,NULL,NULL,NULL,NULL,NULL,NULL,NULL,"1038","832"
"Esteban","Ocon","C4","22","C3","4","C4","27",NULL,NULL,NULL,NULL,NULL,NULL,NULL,NULL,NULL,NULL,NULL,NULL,NULL,NULL,"1038","839"
"Nicholas","Latifi","C3","16","C2","10","C3","27",NULL,NULL,NULL,NULL,NULL,NULL,NULL,NULL,NULL,NULL,NULL,NULL,NULL,NULL,"1038","849"
"Lewis","Hamilton","C3","22","C2","14","C3","20",NULL,NULL,NULL,NULL,NULL,NULL,NULL,NULL,NULL,NULL,NULL,NULL,NULL,NULL,"1012","1"
"Lewis","Hamilton","C4","13","C3","38",NULL,NULL,NULL,NULL,NULL,NULL,NULL,NULL,NULL,NULL,NULL,NULL,NULL,NULL,NULL,NULL,"1013","1"
"Lewis","Hamilton","C3","27","C2","19","C3","20",NULL,NULL,NULL,NULL,NULL,NULL,NULL,NULL,NULL,NULL,NULL,NULL,NULL,NULL,"1014","1"
"Lewis","Hamilton","C5","11","C4","67",NULL,NULL,NULL,NULL,NULL,NULL,NULL,NULL,NULL,NULL,NULL,NULL,NULL,NULL,NULL,NULL,"1015","1"
"Lewis","Hamilton","C4","28","C3","42",NULL,NULL,NULL,NULL,NULL,NULL,NULL,NULL,NULL,NULL,NULL,NULL,NULL,NULL,NULL,NULL,"1016","1"
"Lewis","Hamilton","C3","24","C2","29",NULL,NULL,NULL,NULL,NULL,NULL,NULL,NULL,NULL,NULL,NULL,NULL,NULL,NULL,NULL,NULL,"1017","1"
"Lewis","Hamilton","C3","30","C2","41",NULL,NULL,NULL,NULL,NULL,NULL,NULL,NULL,NULL,NULL,NULL,NULL,NULL,NULL,NULL,NULL,"1018","1"
"Lewis","Hamilton","C2","20","C1","32",NULL,NULL,NULL,NULL,NULL,NULL,NULL,NULL,NULL,NULL,NULL,NULL,NULL,NULL,NULL,NULL,"1019","1"
"Lewis","Hamilton","Wet","3","Intermediate","25","C4","1","Intermediate","18","C4","6","C4","3","C4","8",NULL,NULL,NULL,NULL,NULL,NULL,"1020","1"
"Lewis","Hamilton","C3","22","C2","22",NULL,NULL,NULL,NULL,NULL,NULL,NULL,NULL,NULL,NULL,NULL,NULL,NULL,NULL,NULL,NULL,"1022","1"
"Lewis","Hamilton","C4","19","C3","30","C4","4",NULL,NULL,NULL,NULL,NULL,NULL,NULL,NULL,NULL,NULL,NULL,NULL,NULL,NULL,"1023","1"
"Lewis","Hamilton","C3","28","C4","25",NULL,NULL,NULL,NULL,NULL,NULL,NULL,NULL,NULL,NULL,NULL,NULL,NULL,NULL,NULL,NULL,"1025","1"
"Lewis","Hamilton","C3","21","C2","21","C3","10",NULL,NULL,NULL,NULL,NULL,NULL,NULL,NULL,NULL,NULL,NULL,NULL,NULL,NULL,"1026","1"
"Lewis","Hamilton","C3","23","C2","48",NULL,NULL,NULL,NULL,NULL,NULL,NULL,NULL,NULL,NULL,NULL,NULL,NULL,NULL,NULL,NULL,"1027","1"
"Lewis","Hamilton","C4","26","C3","29",NULL,NULL,NULL,NULL,NULL,NULL,NULL,NULL,NULL,NULL,NULL,NULL,NULL,NULL,NULL,NULL,"1030","1"
"Lewis","Hamilton","C4","27","C3","44",NULL,NULL,NULL,NULL,NULL,NULL,NULL,NULL,NULL,NULL,NULL,NULL,NULL,NULL,NULL,NULL,"1032","1"
"Lewis","Hamilton","Intermediate","3","C3","34","C3","29","C4","4",NULL,NULL,NULL,NULL,NULL,NULL,NULL,NULL,NULL,NULL,NULL,NULL,"1033","1"
"Lewis","Hamilton","C3","14","C2","27","C2","11",NULL,NULL,NULL,NULL,NULL,NULL,NULL,NULL,NULL,NULL,NULL,NULL,NULL,NULL,"1035","1"
"Lewis","Hamilton","C3","23","C2","27","C2","16",NULL,NULL,NULL,NULL,NULL,NULL,NULL,NULL,NULL,NULL,NULL,NULL,NULL,NULL,"1036","1"
"Lewis","Hamilton","C3","11","C2","33",NULL,NULL,NULL,NULL,NULL,NULL,NULL,NULL,NULL,NULL,NULL,NULL,NULL,NULL,NULL,NULL,"1037","1"
"Kimi","Raikkonen","C3","1","C2","1","C3","29",NULL,NULL,NULL,NULL,NULL,NULL,NULL,NULL,NULL,NULL,NULL,NULL,NULL,NULL,"1022","8"
"Kimi","Raikkonen","C3","24","C2","27","C4","2",NULL,NULL,NULL,NULL,NULL,NULL,NULL,NULL,NULL,NULL,NULL,NULL,NULL,NULL,"1031","8"
"Robert","Kubica","C2","31","C3","13","C2","21",NULL,NULL,NULL,NULL,NULL,NULL,NULL,NULL,NULL,NULL,NULL,NULL,NULL,NULL,"1014","9"
"Robert","Kubica","C2","20","C1","31",NULL,NULL,NULL,NULL,NULL,NULL,NULL,NULL,NULL,NULL,NULL,NULL,NULL,NULL,NULL,NULL,"1019","9"
"Daniel","Ricciardo","C5","11","C4","67",NULL,NULL,NULL,NULL,NULL,NULL,NULL,NULL,NULL,NULL,NULL,NULL,NULL,NULL,NULL,NULL,"1015","817"
"Daniel","Ricciardo","C4","30","C3","23",NULL,NULL,NULL,NULL,NULL,NULL,NULL,NULL,NULL,NULL,NULL,NULL,NULL,NULL,NULL,NULL,"1023","817"
"Daniel","Ricciardo","C4","11","C2","33",NULL,NULL,NULL,NULL,NULL,NULL,NULL,NULL,NULL,NULL,NULL,NULL,NULL,NULL,NULL,NULL,"1037","817"
"Lando","Norris","C5","8",NULL,NULL,NULL,NULL,NULL,NULL,NULL,NULL,NULL,NULL,NULL,NULL,NULL,NULL,NULL,NULL,NULL,NULL,"1016","846"
"Kimi","Raikkonen","C4","23","C2","47",NULL,NULL,NULL,NULL,NULL,NULL,NULL,NULL,NULL,NULL,NULL,NULL,NULL,NULL,NULL,NULL,"1018","8"
"Romain","Grosjean","C3","34","C2","36",NULL,NULL,NULL,NULL,NULL,NULL,NULL,NULL,NULL,NULL,NULL,NULL,NULL,NULL,NULL,NULL,"1018","154"
"Nico","Hulkenberg","C3","26","C2","44",NULL,NULL,NULL,NULL,NULL,NULL,NULL,NULL,NULL,NULL,NULL,NULL,NULL,NULL,NULL,NULL,"1018","807"
"Sergio","Perez","C3","28","C2","42",NULL,NULL,NULL,NULL,NULL,NULL,NULL,NULL,NULL,NULL,NULL,NULL,NULL,NULL,NULL,NULL,"1018","815"
"Daniel","Ricciardo","C3","46","C4","24",NULL,NULL,NULL,NULL,NULL,NULL,NULL,NULL,NULL,NULL,NULL,NULL,NULL,NULL,NULL,NULL,"1018","817"
"Kevin","Magnussen","C4","11","C2","51","C4","7",NULL,NULL,NULL,NULL,NULL,NULL,NULL,NULL,NULL,NULL,NULL,NULL,NULL,NULL,"1018","825"
"Daniil","Kvyat","C3","32","C2","38",NULL,NULL,NULL,NULL,NULL,NULL,NULL,NULL,NULL,NULL,NULL,NULL,NULL,NULL,NULL,NULL,"1018","826"
"Daniil","Kvyat","C3","26","C2","25","C4","5",NULL,NULL,NULL,NULL,NULL,NULL,NULL,NULL,NULL,NULL,NULL,NULL,NULL,NULL,"1031","826"
"Max","Verstappen","C2","13","C2","7","C1","32",NULL,NULL,NULL,NULL,NULL,NULL,NULL,NULL,NULL,NULL,NULL,NULL,NULL,NULL,"1019","830"
"Max","Verstappen","C3","1","C4","26","C3","26",NULL,NULL,NULL,NULL,NULL,NULL,NULL,NULL,NULL,NULL,NULL,NULL,NULL,NULL,"1023","830"
"Carlos","Sainz","C5","30","C4","48",NULL,NULL,NULL,NULL,NULL,NULL,NULL,NULL,NULL,NULL,NULL,NULL,NULL,NULL,NULL,NULL,"1015","832"
"Lance","Stroll","C3","25","C2","45",NULL,NULL,NULL,NULL,NULL,NULL,NULL,NULL,NULL,NULL,NULL,NULL,NULL,NULL,NULL,NULL,"1018","840"
"Antonio","Giovinazzi","C4","24","C2","46",NULL,NULL,NULL,NULL,NULL,NULL,NULL,NULL,NULL,NULL,NULL,NULL,NULL,NULL,NULL,NULL,"1018","841"
"George","Russell","C3","27","C2","42",NULL,NULL,NULL,NULL,NULL,NULL,NULL,NULL,NULL,NULL,NULL,NULL,NULL,NULL,NULL,NULL,"1018","847"
"Alexander","Albon","C3","35","C2","35",NULL,NULL,NULL,NULL,NULL,NULL,NULL,NULL,NULL,NULL,NULL,NULL,NULL,NULL,NULL,NULL,"1018","848"
"Lewis","Hamilton","C3","31","C2","17","C3","22",NULL,NULL,NULL,NULL,NULL,NULL,NULL,NULL,NULL,NULL,NULL,NULL,NULL,NULL,"1021","1"
"Sebastian","Vettel","C3","39","C4","31",NULL,NULL,NULL,NULL,NULL,NULL,NULL,NULL,NULL,NULL,NULL,NULL,NULL,NULL,NULL,NULL,"1021","20"
"Nico","Hulkenberg","Wet","3","Intermediate","12","Intermediate","14","Intermediate","10",NULL,NULL,NULL,NULL,NULL,NULL,NULL,NULL,NULL,NULL,NULL,NULL,"1020","807"
"Sergio","Perez","Wet","1",NULL,NULL,NULL,NULL,NULL,NULL,NULL,NULL,NULL,NULL,NULL,NULL,NULL,NULL,NULL,NULL,NULL,NULL,"1020","815"
"Valtteri","Bottas","Wet","3","Intermediate","23","C3","4","Intermediate","16","C4","10",NULL,NULL,NULL,NULL,NULL,NULL,NULL,NULL,NULL,NULL,"1020","822"
"Max","Verstappen","C3","25","C2","42","C4","3",NULL,NULL,NULL,NULL,NULL,NULL,NULL,NULL,NULL,NULL,NULL,NULL,NULL,NULL,"1021","830"
"Carlos","Sainz","C4","29","C2","40",NULL,NULL,NULL,NULL,NULL,NULL,NULL,NULL,NULL,NULL,NULL,NULL,NULL,NULL,NULL,NULL,"1021","832"
"Carlos","Sainz","C3","1",NULL,NULL,NULL,NULL,NULL,NULL,NULL,NULL,NULL,NULL,NULL,NULL,NULL,NULL,NULL,NULL,NULL,NULL,"1022","832"
"Antonio","Giovinazzi","Wet","3","Intermediate","23","C3","2","Intermediate","19","C4","17",NULL,NULL,NULL,NULL,NULL,NULL,NULL,NULL,NULL,NULL,"1020","841"
"Pierre","Gasly","Wet","3","Intermediate","23","C4","2","Intermediate","18","C4","15",NULL,NULL,NULL,NULL,NULL,NULL,NULL,NULL,NULL,NULL,"1020","842"
"Pierre","Gasly","C3","28","C2","41",NULL,NULL,NULL,NULL,NULL,NULL,NULL,NULL,NULL,NULL,NULL,NULL,NULL,NULL,NULL,NULL,"1021","842"
"Charles","Leclerc","Wet","3","Intermediate","12","Intermediate","12","C4","0",NULL,NULL,NULL,NULL,NULL,NULL,NULL,NULL,NULL,NULL,NULL,NULL,"1020","844"
"Charles","Leclerc","C3","27","C2","43",NULL,NULL,NULL,NULL,NULL,NULL,NULL,NULL,NULL,NULL,NULL,NULL,NULL,NULL,NULL,NULL,"1021","844"
"Lando","Norris","Wet","6","Intermediate","19","C4","0",NULL,NULL,NULL,NULL,NULL,NULL,NULL,NULL,NULL,NULL,NULL,NULL,NULL,NULL,"1020","846"
"Lewis","Hamilton","C5","26","C3","35",NULL,NULL,NULL,NULL,NULL,NULL,NULL,NULL,NULL,NULL,NULL,NULL,NULL,NULL,NULL,NULL,"1024","1"
"Sebastian","Vettel","C5","19","C3","42",NULL,NULL,NULL,NULL,NULL,NULL,NULL,NULL,NULL,NULL,NULL,NULL,NULL,NULL,NULL,NULL,"1024","20"
"Romain","Grosjean","C4","23","C3","12","C5","26",NULL,NULL,NULL,NULL,NULL,NULL,NULL,NULL,NULL,NULL,NULL,NULL,NULL,NULL,"1024","154"
"Nico","Hulkenberg","C5","1","C3","35","C4","25",NULL,NULL,NULL,NULL,NULL,NULL,NULL,NULL,NULL,NULL,NULL,NULL,NULL,NULL,"1024","807"
"Valtteri","Bottas","C5","22","C3","39",NULL,NULL,NULL,NULL,NULL,NULL,NULL,NULL,NULL,NULL,NULL,NULL,NULL,NULL,NULL,NULL,"1024","822"
"Kevin","Magnussen","C4","20","C3","14","C4","9",NULL,NULL,NULL,NULL,NULL,NULL,NULL,NULL,NULL,NULL,NULL,NULL,NULL,NULL,"1023","825"
"Daniil","Kvyat","C3","28","C4","1",NULL,NULL,NULL,NULL,NULL,NULL,NULL,NULL,NULL,NULL,NULL,NULL,NULL,NULL,NULL,NULL,"1023","826"
"Max","Verstappen","C5","19","C3","42",NULL,NULL,NULL,NULL,NULL,NULL,NULL,NULL,NULL,NULL,NULL,NULL,NULL,NULL,NULL,NULL,"1024","830"
"Carlos","Sainz","C4","27","C3","0",NULL,NULL,NULL,NULL,NULL,NULL,NULL,NULL,NULL,NULL,NULL,NULL,NULL,NULL,NULL,NULL,"1023","832"
"Carlos","Sainz","C5","1","C3","34","C4","26",NULL,NULL,NULL,NULL,NULL,NULL,NULL,NULL,NULL,NULL,NULL,NULL,NULL,NULL,"1024","832"
"Lance","Stroll","C4","31","C3","10","C5","3","C5","17",NULL,NULL,NULL,NULL,NULL,NULL,NULL,NULL,NULL,NULL,NULL,NULL,"1024","840"
"Antonio","Giovinazzi","C4","34","C3","2","C5","25",NULL,NULL,NULL,NULL,NULL,NULL,NULL,NULL,NULL,NULL,NULL,NULL,NULL,NULL,"1024","841"
"Pierre","Gasly","C3","32","C4","29",NULL,NULL,NULL,NULL,NULL,NULL,NULL,NULL,NULL,NULL,NULL,NULL,NULL,NULL,NULL,NULL,"1024","842"
"Charles","Leclerc","C5","20","C3","41",NULL,NULL,NULL,NULL,NULL,NULL,NULL,NULL,NULL,NULL,NULL,NULL,NULL,NULL,NULL,NULL,"1024","844"
"Lando","Norris","C5","20","C3","41",NULL,NULL,NULL,NULL,NULL,NULL,NULL,NULL,NULL,NULL,NULL,NULL,NULL,NULL,NULL,NULL,"1024","846"
"Alexander","Albon","C5","20","C3","41",NULL,NULL,NULL,NULL,NULL,NULL,NULL,NULL,NULL,NULL,NULL,NULL,NULL,NULL,NULL,NULL,"1024","848"
"Robert","Kubica","C3","11","C2","20",NULL,NULL,NULL,NULL,NULL,NULL,NULL,NULL,NULL,NULL,NULL,NULL,NULL,NULL,NULL,NULL,"1028","9"
"Sebastian","Vettel","C3","7",NULL,NULL,NULL,NULL,NULL,NULL,NULL,NULL,NULL,NULL,NULL,NULL,NULL,NULL,NULL,NULL,NULL,NULL,"1028","20"
"Romain","Grosjean","C3","24","C2","31",NULL,NULL,NULL,NULL,NULL,NULL,NULL,NULL,NULL,NULL,NULL,NULL,NULL,NULL,NULL,NULL,"1028","154"
"Kevin","Magnussen","C3","18","C2","22","C4","12",NULL,NULL,NULL,NULL,NULL,NULL,NULL,NULL,NULL,NULL,NULL,NULL,NULL,NULL,"1028","825"
"Lance","Stroll","C3","9","C2","20","C4","26",NULL,NULL,NULL,NULL,NULL,NULL,NULL,NULL,NULL,NULL,NULL,NULL,NULL,NULL,"1028","840"
"Antonio","Giovinazzi","C3","17","C2","22","C4","16",NULL,NULL,NULL,NULL,NULL,NULL,NULL,NULL,NULL,NULL,NULL,NULL,NULL,NULL,"1028","841"
"Pierre","Gasly","C4","19","C2","34","C4","1",NULL,NULL,NULL,NULL,NULL,NULL,NULL,NULL,NULL,NULL,NULL,NULL,NULL,NULL,"1028","842"
"George","Russell","C3","23","C2","23","C4","8",NULL,NULL,NULL,NULL,NULL,NULL,NULL,NULL,NULL,NULL,NULL,NULL,NULL,NULL,"1028","847"
"Lewis","Hamilton","C3","24","C2","32",NULL,NULL,NULL,NULL,NULL,NULL,NULL,NULL,NULL,NULL,NULL,NULL,NULL,NULL,NULL,NULL,"1028","1"
"Lewis","Hamilton","C3","20","C3","23","C2","23","C3","5",NULL,NULL,NULL,NULL,NULL,NULL,NULL,NULL,NULL,NULL,NULL,NULL,"1029","1"
"Kimi","Raikkonen","C4","18","C2","22","C4","15",NULL,NULL,NULL,NULL,NULL,NULL,NULL,NULL,NULL,NULL,NULL,NULL,NULL,NULL,"1028","8"
"Kimi","Raikkonen","C3","21","C2","26","C3","24",NULL,NULL,NULL,NULL,NULL,NULL,NULL,NULL,NULL,NULL,NULL,NULL,NULL,NULL,"1029","8"
"Robert","Kubica","C2","20","C2","16","C1","17","C3","13","C3","4",NULL,NULL,NULL,NULL,NULL,NULL,NULL,NULL,NULL,NULL,"1029","9"
"Sebastian","Vettel","C3","25","C2","24","C3","16",NULL,NULL,NULL,NULL,NULL,NULL,NULL,NULL,NULL,NULL,NULL,NULL,NULL,NULL,"1029","20"
"Romain","Grosjean","C3","26","C2","39","C3","6",NULL,NULL,NULL,NULL,NULL,NULL,NULL,NULL,NULL,NULL,NULL,NULL,NULL,NULL,"1029","154"
"Nico","Hulkenberg","C2","27","C3","12","C4","16",NULL,NULL,NULL,NULL,NULL,NULL,NULL,NULL,NULL,NULL,NULL,NULL,NULL,NULL,"1028","807"
"Nico","Hulkenberg","C2","27","C1","17","C3","9","C3","18",NULL,NULL,NULL,NULL,NULL,NULL,NULL,NULL,NULL,NULL,NULL,NULL,"1029","807"
"Sergio","Perez","C3","24","C2","31",NULL,NULL,NULL,NULL,NULL,NULL,NULL,NULL,NULL,NULL,NULL,NULL,NULL,NULL,NULL,NULL,"1028","815"
"Sergio","Perez","C3","17","C2","28","C3","26",NULL,NULL,NULL,NULL,NULL,NULL,NULL,NULL,NULL,NULL,NULL,NULL,NULL,NULL,"1029","815"
"Daniel","Ricciardo","C4","21","C2","35",NULL,NULL,NULL,NULL,NULL,NULL,NULL,NULL,NULL,NULL,NULL,NULL,NULL,NULL,NULL,NULL,"1028","817"
"Daniel","Ricciardo","C2","8","C3","32","C3","31",NULL,NULL,NULL,NULL,NULL,NULL,NULL,NULL,NULL,NULL,NULL,NULL,NULL,NULL,"1029","817"
"Valtteri","Bottas","C3","14","C2","21","C3","21",NULL,NULL,NULL,NULL,NULL,NULL,NULL,NULL,NULL,NULL,NULL,NULL,NULL,NULL,"1028","822"
"Valtteri","Bottas","C3","26","C1","15","C2","10",NULL,NULL,NULL,NULL,NULL,NULL,NULL,NULL,NULL,NULL,NULL,NULL,NULL,NULL,"1029","822"
"Kevin","Magnussen","C3","27","C2","26","C3","18",NULL,NULL,NULL,NULL,NULL,NULL,NULL,NULL,NULL,NULL,NULL,NULL,NULL,NULL,"1029","825"
"Daniil","Kvyat","C2","21","C3","18","C4","16",NULL,NULL,NULL,NULL,NULL,NULL,NULL,NULL,NULL,NULL,NULL,NULL,NULL,NULL,"1028","826"
"Daniil","Kvyat","C2","23","C3","23","C3","25",NULL,NULL,NULL,NULL,NULL,NULL,NULL,NULL,NULL,NULL,NULL,NULL,NULL,NULL,"1029","826"
"Max","Verstappen","C3","13","C2","21","C3","22",NULL,NULL,NULL,NULL,NULL,NULL,NULL,NULL,NULL,NULL,NULL,NULL,NULL,NULL,"1028","830"
"Max","Verstappen","C3","21","C3","23","C2","10","C3","17",NULL,NULL,NULL,NULL,NULL,NULL,NULL,NULL,NULL,NULL,NULL,NULL,"1029","830"
"Carlos","Sainz","C4","18","C2","37",NULL,NULL,NULL,NULL,NULL,NULL,NULL,NULL,NULL,NULL,NULL,NULL,NULL,NULL,NULL,NULL,"1028","832"
"Carlos","Sainz","C3","29","C2","42",NULL,NULL,NULL,NULL,NULL,NULL,NULL,NULL,NULL,NULL,NULL,NULL,NULL,NULL,NULL,NULL,"1029","832"
"Lance","Stroll","C3","28","C2","25","C3","12",NULL,NULL,NULL,NULL,NULL,NULL,NULL,NULL,NULL,NULL,NULL,NULL,NULL,NULL,"1029","840"
"Antonio","Giovinazzi","C3","20","C2","26","C3","25",NULL,NULL,NULL,NULL,NULL,NULL,NULL,NULL,NULL,NULL,NULL,NULL,NULL,NULL,"1029","841"
"Pierre","Gasly","C3","22","C2","25","C3","24",NULL,NULL,NULL,NULL,NULL,NULL,NULL,NULL,NULL,NULL,NULL,NULL,NULL,NULL,"1029","842"
"Charles","Leclerc","C3","20","C2","22","C4","14",NULL,NULL,NULL,NULL,NULL,NULL,NULL,NULL,NULL,NULL,NULL,NULL,NULL,NULL,"1028","844"
"Charles","Leclerc","C2","29","C1","25","C3","11",NULL,NULL,NULL,NULL,NULL,NULL,NULL,NULL,NULL,NULL,NULL,NULL,NULL,NULL,"1029","844"
"Lando","Norris","C4","19","C2","23","C3","14",NULL,NULL,NULL,NULL,NULL,NULL,NULL,NULL,NULL,NULL,NULL,NULL,NULL,NULL,"1028","846"
"Lando","Norris","C3","27","C1","26","C2","18",NULL,NULL,NULL,NULL,NULL,NULL,NULL,NULL,NULL,NULL,NULL,NULL,NULL,NULL,"1029","846"
"George","Russell","C2","23","C2","31","C3","12","C3","5",NULL,NULL,NULL,NULL,NULL,NULL,NULL,NULL,NULL,NULL,NULL,NULL,"1029","847"
"Alexander","Albon","C4","1","C3","19","C3","20","C4","16",NULL,NULL,NULL,NULL,NULL,NULL,NULL,NULL,NULL,NULL,NULL,NULL,"1028","848"
"Alexander","Albon","C3","24","C2","26","C3","21",NULL,NULL,NULL,NULL,NULL,NULL,NULL,NULL,NULL,NULL,NULL,NULL,NULL,NULL,"1029","848"
"Lewis","Hamilton","C4","26","C2","45",NULL,NULL,NULL,NULL,NULL,NULL,NULL,NULL,NULL,NULL,NULL,NULL,NULL,NULL,NULL,NULL,"1031","1"
"Kimi","Raikkonen","C4","22","C3","32",NULL,NULL,NULL,NULL,NULL,NULL,NULL,NULL,NULL,NULL,NULL,NULL,NULL,NULL,NULL,NULL,"1030","8"
"Robert","Kubica","C3","24","C4","29",NULL,NULL,NULL,NULL,NULL,NULL,NULL,NULL,NULL,NULL,NULL,NULL,NULL,NULL,NULL,NULL,"1030","9"
"Sebastian","Vettel","C3","26","C2","25","C4","5",NULL,NULL,NULL,NULL,NULL,NULL,NULL,NULL,NULL,NULL,NULL,NULL,NULL,NULL,"1031","20"
"Romain","Grosjean","C4","18","C3","36",NULL,NULL,NULL,NULL,NULL,NULL,NULL,NULL,NULL,NULL,NULL,NULL,NULL,NULL,NULL,NULL,"1030","154"
"Nico","Hulkenberg","C5","18","C4","36",NULL,NULL,NULL,NULL,NULL,NULL,NULL,NULL,NULL,NULL,NULL,NULL,NULL,NULL,NULL,NULL,"1030","807"
"Sergio","Perez","C4","26","C3","45",NULL,NULL,NULL,NULL,NULL,NULL,NULL,NULL,NULL,NULL,NULL,NULL,NULL,NULL,NULL,NULL,"1031","815"
"Daniel","Ricciardo","C5","11","C3","31","C5","12",NULL,NULL,NULL,NULL,NULL,NULL,NULL,NULL,NULL,NULL,NULL,NULL,NULL,NULL,"1030","817"
"Valtteri","Bottas","C4","26","C2","45",NULL,NULL,NULL,NULL,NULL,NULL,NULL,NULL,NULL,NULL,NULL,NULL,NULL,NULL,NULL,NULL,"1031","822"
"Kevin","Magnussen","C4","20","C3","34",NULL,NULL,NULL,NULL,NULL,NULL,NULL,NULL,NULL,NULL,NULL,NULL,NULL,NULL,NULL,NULL,"1030","825"
"Carlos","Sainz","C4","26","C2","26","C3","4",NULL,NULL,NULL,NULL,NULL,NULL,NULL,NULL,NULL,NULL,NULL,NULL,NULL,NULL,"1031","832"
"Esteban","Ocon","C3","26","C2","45",NULL,NULL,NULL,NULL,NULL,NULL,NULL,NULL,NULL,NULL,NULL,NULL,NULL,NULL,NULL,NULL,"1031","839"
"Lance","Stroll","C4","5","C3","18","C5","22",NULL,NULL,NULL,NULL,NULL,NULL,NULL,NULL,NULL,NULL,NULL,NULL,NULL,NULL,"1030","840"
"Antonio","Giovinazzi","C5","8","C3","18","C4","28",NULL,NULL,NULL,NULL,NULL,NULL,NULL,NULL,NULL,NULL,NULL,NULL,NULL,NULL,"1030","841"
"Antonio","Giovinazzi","C3","25","C2","30","C4","1",NULL,NULL,NULL,NULL,NULL,NULL,NULL,NULL,NULL,NULL,NULL,NULL,NULL,NULL,"1031","841"
"Pierre","Gasly","C4","1","C3","52",NULL,NULL,NULL,NULL,NULL,NULL,NULL,NULL,NULL,NULL,NULL,NULL,NULL,NULL,NULL,NULL,"1030","842"
"Pierre","Gasly","C3","26","C2","45",NULL,NULL,NULL,NULL,NULL,NULL,NULL,NULL,NULL,NULL,NULL,NULL,NULL,NULL,NULL,NULL,"1031","842"
"Charles","Leclerc","C4","26","C2","25","C3","5",NULL,NULL,NULL,NULL,NULL,NULL,NULL,NULL,NULL,NULL,NULL,NULL,NULL,NULL,"1031","844"
"Lando","Norris","C4","26","C2","25","C3","5",NULL,NULL,NULL,NULL,NULL,NULL,NULL,NULL,NULL,NULL,NULL,NULL,NULL,NULL,"1031","846"
"George","Russell","C3","32","C4","22",NULL,NULL,NULL,NULL,NULL,NULL,NULL,NULL,NULL,NULL,NULL,NULL,NULL,NULL,NULL,NULL,"1030","847"
"Nicholas","Latifi","C3","26","C2","25","C4","5",NULL,NULL,NULL,NULL,NULL,NULL,NULL,NULL,NULL,NULL,NULL,NULL,NULL,NULL,"1031","849"
"Lewis","Hamilton","C2","13","C1","39",NULL,NULL,NULL,NULL,NULL,NULL,NULL,NULL,NULL,NULL,NULL,NULL,NULL,NULL,NULL,NULL,"1034","1"
"Kimi","Raikkonen","Intermediate","3","C3","30","C2","36",NULL,NULL,NULL,NULL,NULL,NULL,NULL,NULL,NULL,NULL,NULL,NULL,NULL,NULL,"1033","8"
"Kimi","Raikkonen","C2","12","C1","35","C3","4",NULL,NULL,NULL,NULL,NULL,NULL,NULL,NULL,NULL,NULL,NULL,NULL,NULL,NULL,"1034","8"
"Sebastian","Vettel","C3","12","C1","40",NULL,NULL,NULL,NULL,NULL,NULL,NULL,NULL,NULL,NULL,NULL,NULL,NULL,NULL,NULL,NULL,"1034","20"
"Romain","Grosjean","C3","1","C2","33",NULL,"35",NULL,NULL,NULL,NULL,NULL,NULL,NULL,NULL,NULL,NULL,NULL,NULL,NULL,NULL,"1033","154"
"Romain","Grosjean","C2","36","C1","16",NULL,NULL,NULL,NULL,NULL,NULL,NULL,NULL,NULL,NULL,NULL,NULL,NULL,NULL,NULL,NULL,"1034","154"
"Nico","Hulkenberg",NULL,NULL,NULL,NULL,NULL,NULL,NULL,NULL,NULL,NULL,NULL,NULL,NULL,NULL,NULL,NULL,NULL,NULL,NULL,NULL,"1034","807"
"Daniel","Ricciardo","C3","12","C1","40",NULL,NULL,NULL,NULL,NULL,NULL,NULL,NULL,NULL,NULL,NULL,NULL,NULL,NULL,NULL,NULL,"1034","817"
"Valtteri","Bottas","C2","13","C1","37","C3","2",NULL,NULL,NULL,NULL,NULL,NULL,NULL,NULL,NULL,NULL,NULL,NULL,NULL,NULL,"1034","822"
"Kevin","Magnussen","C2","1",NULL,NULL,NULL,NULL,NULL,NULL,NULL,NULL,NULL,NULL,NULL,NULL,NULL,NULL,NULL,NULL,NULL,NULL,"1034","825"
"Daniil","Kvyat","Intermediate","1","C4","17","C2","51",NULL,NULL,NULL,NULL,NULL,NULL,NULL,NULL,NULL,NULL,NULL,NULL,NULL,NULL,"1033","826"
"Daniil","Kvyat","C2","11",NULL,NULL,NULL,NULL,NULL,NULL,NULL,NULL,NULL,NULL,NULL,NULL,NULL,NULL,NULL,NULL,NULL,NULL,"1034","826"
"Max","Verstappen","C2","13","C1","37","C3","2",NULL,NULL,NULL,NULL,NULL,NULL,NULL,NULL,NULL,NULL,NULL,NULL,NULL,NULL,"1034","830"
"Max","Verstappen","C2","26","C3","6","C2","20",NULL,NULL,NULL,NULL,NULL,NULL,NULL,NULL,NULL,NULL,NULL,NULL,NULL,NULL,"1035","830"
"Carlos","Sainz","Intermediate","3","C3","37","C2","29",NULL,NULL,NULL,NULL,NULL,NULL,NULL,NULL,NULL,NULL,NULL,NULL,NULL,NULL,"1033","832"
"Carlos","Sainz","C3","13","C1","38","C2","1",NULL,NULL,NULL,NULL,NULL,NULL,NULL,NULL,NULL,NULL,NULL,NULL,NULL,NULL,"1034","832"
"Esteban","Ocon","Intermediate","4","C3","27","C2","38",NULL,NULL,NULL,NULL,NULL,NULL,NULL,NULL,NULL,NULL,NULL,NULL,NULL,NULL,"1033","839"
"Esteban","Ocon","C3","12","C1","40",NULL,NULL,NULL,NULL,NULL,NULL,NULL,NULL,NULL,NULL,NULL,NULL,NULL,NULL,NULL,NULL,"1034","839"
"Lance","Stroll","C2","13","C1","39",NULL,NULL,NULL,NULL,NULL,NULL,NULL,NULL,NULL,NULL,NULL,NULL,NULL,NULL,NULL,NULL,"1034","840"
"Antonio","Giovinazzi","Intermediate","4","C4","16","C3","20","C2","29",NULL,NULL,NULL,NULL,NULL,NULL,NULL,NULL,NULL,NULL,NULL,NULL,"1033","841"
"Antonio","Giovinazzi","C2","12","C1","40",NULL,NULL,NULL,NULL,NULL,NULL,NULL,NULL,NULL,NULL,NULL,NULL,NULL,NULL,NULL,NULL,"1034","841"
"Pierre","Gasly","Intermediate","3","C4","12",NULL,NULL,NULL,NULL,NULL,NULL,NULL,NULL,NULL,NULL,NULL,NULL,NULL,NULL,NULL,NULL,"1033","842"
"Pierre","Gasly","C2","12","C1","40",NULL,NULL,NULL,NULL,NULL,NULL,NULL,NULL,NULL,NULL,NULL,NULL,NULL,NULL,NULL,NULL,"1034","842"
"Charles","Leclerc","Intermediate","2","C4","18","C2","49",NULL,NULL,NULL,NULL,NULL,NULL,NULL,NULL,NULL,NULL,NULL,NULL,NULL,NULL,"1033","844"
"Charles","Leclerc","C2","13","C1","39",NULL,NULL,NULL,NULL,NULL,NULL,NULL,NULL,NULL,NULL,NULL,NULL,NULL,NULL,NULL,NULL,"1034","844"
"Lando","Norris","Intermediate","4","C3","31","C2","34",NULL,NULL,NULL,NULL,NULL,NULL,NULL,NULL,NULL,NULL,NULL,NULL,NULL,NULL,"1033","846"
"Lando","Norris","C3","12","C1","40",NULL,NULL,NULL,NULL,NULL,NULL,NULL,NULL,NULL,NULL,NULL,NULL,NULL,NULL,NULL,NULL,"1034","846"
"George","Russell","Intermediate","4","C4","15","C3","31","C3","19",NULL,NULL,NULL,NULL,NULL,NULL,NULL,NULL,NULL,NULL,NULL,NULL,"1033","847"
"George","Russell","C2","12","C1","40",NULL,NULL,NULL,NULL,NULL,NULL,NULL,NULL,NULL,NULL,NULL,NULL,NULL,NULL,NULL,NULL,"1034","847"
"Alexander","Albon","C2","6","C1","24","C2","22",NULL,NULL,NULL,NULL,NULL,NULL,NULL,NULL,NULL,NULL,NULL,NULL,NULL,NULL,"1034","848"
"Nicholas","Latifi","Intermediate","3","C4","1","C3","27","C3","8","C4","13","C2","13",NULL,NULL,NULL,NULL,NULL,NULL,NULL,NULL,"1033","849"
"Nicholas","Latifi","C2","12","C1","40",NULL,NULL,NULL,NULL,NULL,NULL,NULL,NULL,NULL,NULL,NULL,NULL,NULL,NULL,NULL,NULL,"1034","849"
"Lewis","Hamilton","C4","15","C3","43",NULL,NULL,NULL,NULL,NULL,NULL,NULL,NULL,NULL,NULL,NULL,NULL,NULL,NULL,NULL,NULL,"1010","1"
"Lewis","Hamilton","C3","13","C3","21","C2","23",NULL,NULL,NULL,NULL,NULL,NULL,NULL,NULL,NULL,NULL,NULL,NULL,NULL,NULL,"1011","1"
"Kimi","Raikkonen","C4","12","C3","45",NULL,NULL,NULL,NULL,NULL,NULL,NULL,NULL,NULL,NULL,NULL,NULL,NULL,NULL,NULL,NULL,"1010","8"
"Kimi","Raikkonen","C3","9","C2","24","C3","24",NULL,NULL,NULL,NULL,NULL,NULL,NULL,NULL,NULL,NULL,NULL,NULL,NULL,NULL,"1011","8"
"Robert","Kubica","C2","1","C3","27","C4","16","C4","11",NULL,NULL,NULL,NULL,NULL,NULL,NULL,NULL,NULL,NULL,NULL,NULL,"1010","9"
"Sebastian","Vettel","C4","14","C3","44",NULL,NULL,NULL,NULL,NULL,NULL,NULL,NULL,NULL,NULL,NULL,NULL,NULL,NULL,NULL,NULL,"1010","20"
"Sebastian","Vettel","C3","14","C2","21","C2","3","C3","19",NULL,NULL,NULL,NULL,NULL,NULL,NULL,NULL,NULL,NULL,NULL,NULL,"1011","20"
"Romain","Grosjean","C4","15","C3","14",NULL,NULL,NULL,NULL,NULL,NULL,NULL,NULL,NULL,NULL,NULL,NULL,NULL,NULL,NULL,NULL,"1010","154"
"Nico","Hulkenberg","C4","13","C2","44",NULL,NULL,NULL,NULL,NULL,NULL,NULL,NULL,NULL,NULL,NULL,NULL,NULL,NULL,NULL,NULL,"1010","807"
"Sergio","Perez","C4","13","C2","44",NULL,NULL,NULL,NULL,NULL,NULL,NULL,NULL,NULL,NULL,NULL,NULL,NULL,NULL,NULL,NULL,"1010","815"
"Sergio","Perez","C3","8","C2","25","C2","24",NULL,NULL,NULL,NULL,NULL,NULL,NULL,NULL,NULL,NULL,NULL,NULL,NULL,NULL,"1011","815"
"Daniel","Ricciardo","C4","1","C2","27",NULL,NULL,NULL,NULL,NULL,NULL,NULL,NULL,NULL,NULL,NULL,NULL,NULL,NULL,NULL,NULL,"1010","817"
"Valtteri","Bottas","C4","23","C3","35",NULL,NULL,NULL,NULL,NULL,NULL,NULL,NULL,NULL,NULL,NULL,NULL,NULL,NULL,NULL,NULL,"1010","822"
"Valtteri","Bottas","C3","12","C2","25","C3","20",NULL,NULL,NULL,NULL,NULL,NULL,NULL,NULL,NULL,NULL,NULL,NULL,NULL,NULL,"1011","822"
"Kevin","Magnussen","C4","14","C3","44",NULL,NULL,NULL,NULL,NULL,NULL,NULL,NULL,NULL,NULL,NULL,NULL,NULL,NULL,NULL,NULL,"1010","825"
"Kevin","Magnussen","C3","10","C2","28","C3","18",NULL,NULL,NULL,NULL,NULL,NULL,NULL,NULL,NULL,NULL,NULL,NULL,NULL,NULL,"1011","825"
"Daniil","Kvyat","C3","26","C2","31",NULL,NULL,NULL,NULL,NULL,NULL,NULL,NULL,NULL,NULL,NULL,NULL,NULL,NULL,NULL,NULL,"1010","826"
"Daniil","Kvyat","C3","12","C2","26","C3","18",NULL,NULL,NULL,NULL,NULL,NULL,NULL,NULL,NULL,NULL,NULL,NULL,NULL,NULL,"1011","826"
"Max","Verstappen","C4","25","C3","33",NULL,NULL,NULL,NULL,NULL,NULL,NULL,NULL,NULL,NULL,NULL,NULL,NULL,NULL,NULL,NULL,"1010","830"
"Max","Verstappen","C3","11","C2","21","C2","25",NULL,NULL,NULL,NULL,NULL,NULL,NULL,NULL,NULL,NULL,NULL,NULL,NULL,NULL,"1011","830"
"Carlos","Sainz","C4","9",NULL,NULL,NULL,NULL,NULL,NULL,NULL,NULL,NULL,NULL,NULL,NULL,NULL,NULL,NULL,NULL,NULL,NULL,"1010","832"
"Antonio","Giovinazzi","C3","27","C4","30",NULL,NULL,NULL,NULL,NULL,NULL,NULL,NULL,NULL,NULL,NULL,NULL,NULL,NULL,NULL,NULL,"1010","841"
"Antonio","Giovinazzi","C3","16","C2","24","C3","17",NULL,NULL,NULL,NULL,NULL,NULL,NULL,NULL,NULL,NULL,NULL,NULL,NULL,NULL,"1011","841"
"Pierre","Gasly","C3","37","C4","20",NULL,NULL,NULL,NULL,NULL,NULL,NULL,NULL,NULL,NULL,NULL,NULL,NULL,NULL,NULL,NULL,"1010","842"
"Pierre","Gasly","C3","9","C3","30","C2","18",NULL,NULL,NULL,NULL,NULL,NULL,NULL,NULL,NULL,NULL,NULL,NULL,NULL,NULL,"1011","842"
"Charles","Leclerc","C4","28","C2","30",NULL,NULL,NULL,NULL,NULL,NULL,NULL,NULL,NULL,NULL,NULL,NULL,NULL,NULL,NULL,NULL,"1010","844"
"Charles","Leclerc","C3","13","C2","23","C2","21",NULL,NULL,NULL,NULL,NULL,NULL,NULL,NULL,NULL,NULL,NULL,NULL,NULL,NULL,"1011","844"
"Lando","Norris","C4","15","C2","42",NULL,NULL,NULL,NULL,NULL,NULL,NULL,NULL,NULL,NULL,NULL,NULL,NULL,NULL,NULL,NULL,"1010","846"
"Lando","Norris","C3","10","C2","24","C3","23",NULL,NULL,NULL,NULL,NULL,NULL,NULL,NULL,NULL,NULL,NULL,NULL,NULL,NULL,"1011","846"
"George","Russell","C3","26","C4","16","C2","14",NULL,NULL,NULL,NULL,NULL,NULL,NULL,NULL,NULL,NULL,NULL,NULL,NULL,NULL,"1010","847"
"Alexander","Albon","C4","14","C3","43",NULL,NULL,NULL,NULL,NULL,NULL,NULL,NULL,NULL,NULL,NULL,NULL,NULL,NULL,NULL,NULL,"1010","848"
"Alexander","Albon","C3","9","C3","16","C2","32",NULL,NULL,NULL,NULL,NULL,NULL,NULL,NULL,NULL,NULL,NULL,NULL,NULL,NULL,"1011","848"
"Lance","Stroll","C3","1","C2","22","C2","33",NULL,NULL,NULL,NULL,NULL,NULL,NULL,NULL,NULL,NULL,NULL,NULL,NULL,NULL,"1011","840"
"Lance","Stroll","C3","20","C2","24","C4","11",NULL,NULL,NULL,NULL,NULL,NULL,NULL,NULL,NULL,NULL,NULL,NULL,NULL,NULL,"1012","840"
"Lance","Stroll","C4","10","C3","41",NULL,NULL,NULL,NULL,NULL,NULL,NULL,NULL,NULL,NULL,NULL,NULL,NULL,NULL,NULL,NULL,"1013","840"
"Lance","Stroll","C2","22","C3","22",NULL,NULL,NULL,NULL,NULL,NULL,NULL,NULL,NULL,NULL,NULL,NULL,NULL,NULL,NULL,NULL,"1014","840"
"Antonio","Giovinazzi","C4","7","C3","23","C3","25",NULL,NULL,NULL,NULL,NULL,NULL,NULL,NULL,NULL,NULL,NULL,NULL,NULL,NULL,"1012","841"
"Antonio","Giovinazzi","C4","7","C3","43",NULL,NULL,NULL,NULL,NULL,NULL,NULL,NULL,NULL,NULL,NULL,NULL,NULL,NULL,NULL,NULL,"1013","841"
"Antonio","Giovinazzi","C3","6","C1","35","C3","25",NULL,NULL,NULL,NULL,NULL,NULL,NULL,NULL,NULL,NULL,NULL,NULL,NULL,NULL,"1014","841"
"Kimi","Raikkonen","C3","25","C2","30",NULL,NULL,NULL,NULL,NULL,NULL,NULL,NULL,NULL,NULL,NULL,NULL,NULL,NULL,NULL,NULL,"1012","8"
"Kimi","Raikkonen","C4","6","C3","44",NULL,NULL,NULL,NULL,NULL,NULL,NULL,NULL,NULL,NULL,NULL,NULL,NULL,NULL,NULL,NULL,"1013","8"
"Kimi","Raikkonen","C2","28","C1","17","C3","21",NULL,NULL,NULL,NULL,NULL,NULL,NULL,NULL,NULL,NULL,NULL,NULL,NULL,NULL,"1014","8"
"Robert","Kubica","C2","11","C3","16","C2","28",NULL,NULL,NULL,NULL,NULL,NULL,NULL,NULL,NULL,NULL,NULL,NULL,NULL,NULL,"1011","9"
"Robert","Kubica","C3","26","C2","28",NULL,NULL,NULL,NULL,NULL,NULL,NULL,NULL,NULL,NULL,NULL,NULL,NULL,NULL,NULL,NULL,"1012","9"
"Robert","Kubica","C3","23","C3","19","C4","7",NULL,NULL,NULL,NULL,NULL,NULL,NULL,NULL,NULL,NULL,NULL,NULL,NULL,NULL,"1013","9"
"Sebastian","Vettel","C3","18","C2","17","C3","21",NULL,NULL,NULL,NULL,NULL,NULL,NULL,NULL,NULL,NULL,NULL,NULL,NULL,NULL,"1012","20"
"Sebastian","Vettel","C4","11","C3","40",NULL,NULL,NULL,NULL,NULL,NULL,NULL,NULL,NULL,NULL,NULL,NULL,NULL,NULL,NULL,NULL,"1013","20"
"Sebastian","Vettel","C3","19","C2","21","C2","26",NULL,NULL,NULL,NULL,NULL,NULL,NULL,NULL,NULL,NULL,NULL,NULL,NULL,NULL,"1014","20"
"Sebastian","Vettel","C5","11","C3","67",NULL,NULL,NULL,NULL,NULL,NULL,NULL,NULL,NULL,NULL,NULL,NULL,NULL,NULL,NULL,NULL,"1015","20"
"Romain","Grosjean","C3","1","C2","15",NULL,NULL,NULL,NULL,NULL,NULL,NULL,NULL,NULL,NULL,NULL,NULL,NULL,NULL,NULL,NULL,"1011","154"
"Romain","Grosjean","C4","8","C2","27","C3","20",NULL,NULL,NULL,NULL,NULL,NULL,NULL,NULL,NULL,NULL,NULL,NULL,NULL,NULL,"1012","154"
"Romain","Grosjean","C3","34","C4","4",NULL,NULL,NULL,NULL,NULL,NULL,NULL,NULL,NULL,NULL,NULL,NULL,NULL,NULL,NULL,NULL,"1013","154"
"Romain","Grosjean","C3","26","C2","20","C3","20",NULL,NULL,NULL,NULL,NULL,NULL,NULL,NULL,NULL,NULL,NULL,NULL,NULL,NULL,"1014","154"
"Nico","Hulkenberg","C3","12","C3","20","C2","21",NULL,NULL,NULL,NULL,NULL,NULL,NULL,NULL,NULL,NULL,NULL,NULL,NULL,NULL,"1011","807"
"Nico","Hulkenberg","C4","11","C2","5",NULL,NULL,NULL,NULL,NULL,NULL,NULL,NULL,NULL,NULL,NULL,NULL,NULL,NULL,NULL,NULL,"1012","807"
"Nico","Hulkenberg","C4","8","C3","26","C4","16",NULL,NULL,NULL,NULL,NULL,NULL,NULL,NULL,NULL,NULL,NULL,NULL,NULL,NULL,"1013","807"
"Nico","Hulkenberg","C2","35","C3","31",NULL,NULL,NULL,NULL,NULL,NULL,NULL,NULL,NULL,NULL,NULL,NULL,NULL,NULL,NULL,NULL,"1014","807"
"Sergio","Perez","C3","20","C2","35",NULL,NULL,NULL,NULL,NULL,NULL,NULL,NULL,NULL,NULL,NULL,NULL,NULL,NULL,NULL,NULL,"1012","815"
"Sergio","Perez","C4","10","C3","41",NULL,NULL,NULL,NULL,NULL,NULL,NULL,NULL,NULL,NULL,NULL,NULL,NULL,NULL,NULL,NULL,"1013","815"
"Sergio","Perez","C3","24","C2","21","C3","21",NULL,NULL,NULL,NULL,NULL,NULL,NULL,NULL,NULL,NULL,NULL,NULL,NULL,NULL,"1014","815"
"Daniel","Ricciardo","C3","24","C2","29",NULL,NULL,NULL,NULL,NULL,NULL,NULL,NULL,NULL,NULL,NULL,NULL,NULL,NULL,NULL,NULL,"1011","817"
"Daniel","Ricciardo","C4","18","C2","37",NULL,NULL,NULL,NULL,NULL,NULL,NULL,NULL,NULL,NULL,NULL,NULL,NULL,NULL,NULL,NULL,"1012","817"
"Daniel","Ricciardo","C4","10","C3","21",NULL,NULL,NULL,NULL,NULL,NULL,NULL,NULL,NULL,NULL,NULL,NULL,NULL,NULL,NULL,NULL,"1013","817"
"Daniel","Ricciardo","C3","24","C1","21","C2","21",NULL,NULL,NULL,NULL,NULL,NULL,NULL,NULL,NULL,NULL,NULL,NULL,NULL,NULL,"1014","817"
"Valtteri","Bottas","C3","21","C2","15","C3","20",NULL,NULL,NULL,NULL,NULL,NULL,NULL,NULL,NULL,NULL,NULL,NULL,NULL,NULL,"1012","822"
"Valtteri","Bottas","C4","12","C3","39",NULL,NULL,NULL,NULL,NULL,NULL,NULL,NULL,NULL,NULL,NULL,NULL,NULL,NULL,NULL,NULL,"1013","822"
"Valtteri","Bottas","C3","26","C2","19","C3","21",NULL,NULL,NULL,NULL,NULL,NULL,NULL,NULL,NULL,NULL,NULL,NULL,NULL,NULL,"1014","822"
"Valtteri","Bottas","C5","11","C4","1","C3","66",NULL,NULL,NULL,NULL,NULL,NULL,NULL,NULL,NULL,NULL,NULL,NULL,NULL,NULL,"1015","822"
"Kevin","Magnussen","C4","9","C2","24","C3","22",NULL,NULL,NULL,NULL,NULL,NULL,NULL,NULL,NULL,NULL,NULL,NULL,NULL,NULL,"1012","825"
"Kevin","Magnussen","C4","7","C3","32","C4","11",NULL,NULL,NULL,NULL,NULL,NULL,NULL,NULL,NULL,NULL,NULL,NULL,NULL,NULL,"1013","825"
"Kevin","Magnussen","C3","23","C2","22","C3","21",NULL,NULL,NULL,NULL,NULL,NULL,NULL,NULL,NULL,NULL,NULL,NULL,NULL,NULL,"1014","825"
"Daniil","Kvyat","C3","7","C2","18","C4","5",NULL,NULL,NULL,NULL,NULL,NULL,NULL,NULL,NULL,NULL,NULL,NULL,NULL,NULL,"1012","826"
"Daniil","Kvyat","C4","5","C3","28",NULL,NULL,NULL,NULL,NULL,NULL,NULL,NULL,NULL,NULL,NULL,NULL,NULL,NULL,NULL,NULL,"1013","826"
"Daniil","Kvyat","C3","21","C2","24","C2","21",NULL,NULL,NULL,NULL,NULL,NULL,NULL,NULL,NULL,NULL,NULL,NULL,NULL,NULL,"1014","826"
"Daniil","Kvyat","C5","32","C4","46",NULL,NULL,NULL,NULL,NULL,NULL,NULL,NULL,NULL,NULL,NULL,NULL,NULL,NULL,NULL,NULL,"1015","826"
"Max","Verstappen","C3","17","C2","17","C3","22",NULL,NULL,NULL,NULL,NULL,NULL,NULL,NULL,NULL,NULL,NULL,NULL,NULL,NULL,"1012","830"
"Max","Verstappen","C4","14","C3","37",NULL,NULL,NULL,NULL,NULL,NULL,NULL,NULL,NULL,NULL,NULL,NULL,NULL,NULL,NULL,NULL,"1013","830"
"Max","Verstappen","C3","20","C3","23","C2","23",NULL,NULL,NULL,NULL,NULL,NULL,NULL,NULL,NULL,NULL,NULL,NULL,NULL,NULL,"1014","830"
"Max","Verstappen","C5","11","C3","67",NULL,NULL,NULL,NULL,NULL,NULL,NULL,NULL,NULL,NULL,NULL,NULL,NULL,NULL,NULL,NULL,"1015","830"
"Carlos","Sainz","C3","4","C2","20","C1","16","C3","13",NULL,NULL,NULL,NULL,NULL,NULL,NULL,NULL,NULL,NULL,NULL,NULL,"1011","832"
"Carlos","Sainz","C3","1","C2","35","C4","19",NULL,NULL,NULL,NULL,NULL,NULL,NULL,NULL,NULL,NULL,NULL,NULL,NULL,NULL,"1012","832"
"Carlos","Sainz","C4","12","C3","39",NULL,NULL,NULL,NULL,NULL,NULL,NULL,NULL,NULL,NULL,NULL,NULL,NULL,NULL,NULL,NULL,"1013","832"
"Carlos","Sainz","C3","24","C2","22","C3","20",NULL,NULL,NULL,NULL,NULL,NULL,NULL,NULL,NULL,NULL,NULL,NULL,NULL,NULL,"1014","832"
"Pierre","Gasly","C4","19","C2","20","C3","14","C4","3",NULL,NULL,NULL,NULL,NULL,NULL,NULL,NULL,NULL,NULL,NULL,NULL,"1012","842"
"Pierre","Gasly","C3","38",NULL,NULL,NULL,NULL,NULL,NULL,NULL,NULL,NULL,NULL,NULL,NULL,NULL,NULL,NULL,NULL,NULL,NULL,"1013","842"
"Pierre","Gasly","C3","22","C2","24","C3","20",NULL,NULL,NULL,NULL,NULL,NULL,NULL,NULL,NULL,NULL,NULL,NULL,NULL,NULL,"1014","842"
"Pierre","Gasly","C5","27","C4","35","C5","16",NULL,NULL,NULL,NULL,NULL,NULL,NULL,NULL,NULL,NULL,NULL,NULL,NULL,NULL,"1015","842"
"Charles","Leclerc","C3","22","C2","20","C3","14",NULL,NULL,NULL,NULL,NULL,NULL,NULL,NULL,NULL,NULL,NULL,NULL,NULL,NULL,"1012","844"
"Charles","Leclerc","C3","34","C4","13","C4","4",NULL,NULL,NULL,NULL,NULL,NULL,NULL,NULL,NULL,NULL,NULL,NULL,NULL,NULL,"1013","844"
"Charles","Leclerc","C3","25","C1","21","C2","20",NULL,NULL,NULL,NULL,NULL,NULL,NULL,NULL,NULL,NULL,NULL,NULL,NULL,NULL,"1014","844"
"Lando","Norris","C3","1","C2","16","C3","17","C4","16",NULL,NULL,NULL,NULL,NULL,NULL,NULL,NULL,NULL,NULL,NULL,NULL,"1012","846"
"Lando","Norris","C4","9","C3","30","C4","12",NULL,NULL,NULL,NULL,NULL,NULL,NULL,NULL,NULL,NULL,NULL,NULL,NULL,NULL,"1013","846"
"Lando","Norris","C3","26","C2","18",NULL,NULL,NULL,NULL,NULL,NULL,NULL,NULL,NULL,NULL,NULL,NULL,NULL,NULL,NULL,NULL,"1014","846"
"George","Russell","C3","12","C2","14","C2","30",NULL,NULL,NULL,NULL,NULL,NULL,NULL,NULL,NULL,NULL,NULL,NULL,NULL,NULL,"1011","847"
"George","Russell","C3","22","C2","27","C4","5",NULL,NULL,NULL,NULL,NULL,NULL,NULL,NULL,NULL,NULL,NULL,NULL,NULL,NULL,"1012","847"
"George","Russell","C3","25","C3","13","C4","11",NULL,NULL,NULL,NULL,NULL,NULL,NULL,NULL,NULL,NULL,NULL,NULL,NULL,NULL,"1013","847"
"George","Russell","C2","32","C3","12","C2","21",NULL,NULL,NULL,NULL,NULL,NULL,NULL,NULL,NULL,NULL,NULL,NULL,NULL,NULL,"1014","847"
"Alexander","Albon","C4","19","C2","36",NULL,NULL,NULL,NULL,NULL,NULL,NULL,NULL,NULL,NULL,NULL,NULL,NULL,NULL,NULL,NULL,"1012","848"
"Alexander","Albon","C4","12","C3","38",NULL,NULL,NULL,NULL,NULL,NULL,NULL,NULL,NULL,NULL,NULL,NULL,NULL,NULL,NULL,NULL,"1013","848"
"Alexander","Albon","C3","25","C2","20","C2","21",NULL,NULL,NULL,NULL,NULL,NULL,NULL,NULL,NULL,NULL,NULL,NULL,NULL,NULL,"1014","848"
"Alexander","Albon","C5","40","C4","38",NULL,NULL,NULL,NULL,NULL,NULL,NULL,NULL,NULL,NULL,NULL,NULL,NULL,NULL,NULL,NULL,"1015","848"
"Lance","Stroll","C4","39","C3","38",NULL,NULL,NULL,NULL,NULL,NULL,NULL,NULL,NULL,NULL,NULL,NULL,NULL,NULL,NULL,NULL,"1015","840"
"Lance","Stroll","C3","45","C4","24",NULL,NULL,NULL,NULL,NULL,NULL,NULL,NULL,NULL,NULL,NULL,NULL,NULL,NULL,NULL,NULL,"1016","840"
"Lance","Stroll","C2","39","C3","13",NULL,NULL,NULL,NULL,NULL,NULL,NULL,NULL,NULL,NULL,NULL,NULL,NULL,NULL,NULL,NULL,"1017","840"
"Lance","Stroll","C2","13","C1","26","C3","13",NULL,NULL,NULL,NULL,NULL,NULL,NULL,NULL,NULL,NULL,NULL,NULL,NULL,NULL,"1019","840"
"Antonio","Giovinazzi","C5","44","C4","32",NULL,NULL,NULL,NULL,NULL,NULL,NULL,NULL,NULL,NULL,NULL,NULL,NULL,NULL,NULL,NULL,"1015","841"
"Antonio","Giovinazzi","C3","33","C4","36",NULL,NULL,NULL,NULL,NULL,NULL,NULL,NULL,NULL,NULL,NULL,NULL,NULL,NULL,NULL,NULL,"1016","841"
"Antonio","Giovinazzi","C4","7","C2","27","C3","18",NULL,NULL,NULL,NULL,NULL,NULL,NULL,NULL,NULL,NULL,NULL,NULL,NULL,NULL,"1017","841"
"Kimi","Raikkonen","C5","46","C4","31",NULL,NULL,NULL,NULL,NULL,NULL,NULL,NULL,NULL,NULL,NULL,NULL,NULL,NULL,NULL,NULL,"1015","8"
"Kimi","Raikkonen","C4","6","C3","52","C5","11",NULL,NULL,NULL,NULL,NULL,NULL,NULL,NULL,NULL,NULL,NULL,NULL,NULL,NULL,"1016","8"
"Kimi","Raikkonen","C2","31","C3","21",NULL,NULL,NULL,NULL,NULL,NULL,NULL,NULL,NULL,NULL,NULL,NULL,NULL,NULL,NULL,NULL,"1017","8"
"Kimi","Raikkonen","C2","17","C1","35",NULL,NULL,NULL,NULL,NULL,NULL,NULL,NULL,NULL,NULL,NULL,NULL,NULL,NULL,NULL,NULL,"1019","8"
"Robert","Kubica","C4","21","C3","56",NULL,NULL,NULL,NULL,NULL,NULL,NULL,NULL,NULL,NULL,NULL,NULL,NULL,NULL,NULL,NULL,"1015","9"
"Robert","Kubica","C4","8","C3","30","C3","29",NULL,NULL,NULL,NULL,NULL,NULL,NULL,NULL,NULL,NULL,NULL,NULL,NULL,NULL,"1016","9"
"Robert","Kubica","C3","24","C2","27",NULL,NULL,NULL,NULL,NULL,NULL,NULL,NULL,NULL,NULL,NULL,NULL,NULL,NULL,NULL,NULL,"1017","9"
"Robert","Kubica","C3","19","C2","49",NULL,NULL,NULL,NULL,NULL,NULL,NULL,NULL,NULL,NULL,NULL,NULL,NULL,NULL,NULL,NULL,"1018","9"
"Sebastian","Vettel","C4","26","C3","44",NULL,NULL,NULL,NULL,NULL,NULL,NULL,NULL,NULL,NULL,NULL,NULL,NULL,NULL,NULL,NULL,"1016","20"
"Sebastian","Vettel","C3","25","C2","26","C4","2",NULL,NULL,NULL,NULL,NULL,NULL,NULL,NULL,NULL,NULL,NULL,NULL,NULL,NULL,"1017","20"
"Sebastian","Vettel","C4","21","C2","29","C4","21",NULL,NULL,NULL,NULL,NULL,NULL,NULL,NULL,NULL,NULL,NULL,NULL,NULL,NULL,"1018","20"
"Sebastian","Vettel","C3","20","C1","18","C2","13",NULL,NULL,NULL,NULL,NULL,NULL,NULL,NULL,NULL,NULL,NULL,NULL,NULL,NULL,"1019","20"
"Romain","Grosjean","C5","50","C4","28",NULL,NULL,NULL,NULL,NULL,NULL,NULL,NULL,NULL,NULL,NULL,NULL,NULL,NULL,NULL,NULL,"1015","154"
"Romain","Grosjean","C4","34","C3","35",NULL,NULL,NULL,NULL,NULL,NULL,NULL,NULL,NULL,NULL,NULL,NULL,NULL,NULL,NULL,NULL,"1016","154"
"Romain","Grosjean","C2","31","C3","13",NULL,NULL,NULL,NULL,NULL,NULL,NULL,NULL,NULL,NULL,NULL,NULL,NULL,NULL,NULL,NULL,"1017","154"
"Romain","Grosjean","C3","1","C1","8",NULL,NULL,NULL,NULL,NULL,NULL,NULL,NULL,NULL,NULL,NULL,NULL,NULL,NULL,NULL,NULL,"1019","154"
"Nico","Hulkenberg","C4","9","C3","68",NULL,NULL,NULL,NULL,NULL,NULL,NULL,NULL,NULL,NULL,NULL,NULL,NULL,NULL,NULL,NULL,"1015","807"
"Nico","Hulkenberg","C5","16","C3","53",NULL,NULL,NULL,NULL,NULL,NULL,NULL,NULL,NULL,NULL,NULL,NULL,NULL,NULL,NULL,NULL,"1016","807"
"Nico","Hulkenberg","C2","34","C3","18",NULL,NULL,NULL,NULL,NULL,NULL,NULL,NULL,NULL,NULL,NULL,NULL,NULL,NULL,NULL,NULL,"1017","807"
"Nico","Hulkenberg","C3","13","C1","39",NULL,NULL,NULL,NULL,NULL,NULL,NULL,NULL,NULL,NULL,NULL,NULL,NULL,NULL,NULL,NULL,"1019","807"
"Sergio","Perez","C4","11","C3","66",NULL,NULL,NULL,NULL,NULL,NULL,NULL,NULL,NULL,NULL,NULL,NULL,NULL,NULL,NULL,NULL,"1015","815"
"Sergio","Perez","C4","11","C3","58",NULL,NULL,NULL,NULL,NULL,NULL,NULL,NULL,NULL,NULL,NULL,NULL,NULL,NULL,NULL,NULL,"1016","815"
"Sergio","Perez","C3","18","C2","34",NULL,NULL,NULL,NULL,NULL,NULL,NULL,NULL,NULL,NULL,NULL,NULL,NULL,NULL,NULL,NULL,"1017","815"
"Sergio","Perez","C2","18","C1","6","C3","22","C3","5",NULL,NULL,NULL,NULL,NULL,NULL,NULL,NULL,NULL,NULL,NULL,NULL,"1019","815"
"Daniel","Ricciardo","C5","8","C3","61",NULL,NULL,NULL,NULL,NULL,NULL,NULL,NULL,NULL,NULL,NULL,NULL,NULL,NULL,NULL,NULL,"1016","817"
"Daniel","Ricciardo","C3","16","C2","36",NULL,NULL,NULL,NULL,NULL,NULL,NULL,NULL,NULL,NULL,NULL,NULL,NULL,NULL,NULL,NULL,"1017","817"
"Daniel","Ricciardo","C3","12","C2","8","C1","32",NULL,NULL,NULL,NULL,NULL,NULL,NULL,NULL,NULL,NULL,NULL,NULL,NULL,NULL,"1019","817"
"Valtteri","Bottas","C4","30","C3","37","C5","3",NULL,NULL,NULL,NULL,NULL,NULL,NULL,NULL,NULL,NULL,NULL,NULL,NULL,NULL,"1016","822"
"Valtteri","Bottas","C3","23","C2","30",NULL,NULL,NULL,NULL,NULL,NULL,NULL,NULL,NULL,NULL,NULL,NULL,NULL,NULL,NULL,NULL,"1017","822"
"Valtteri","Bottas","C3","21","C2","50",NULL,NULL,NULL,NULL,NULL,NULL,NULL,NULL,NULL,NULL,NULL,NULL,NULL,NULL,NULL,NULL,"1018","822"
"Valtteri","Bottas","C2","16","C2","29","C3","7",NULL,NULL,NULL,NULL,NULL,NULL,NULL,NULL,NULL,NULL,NULL,NULL,NULL,NULL,"1019","822"
"Kevin","Magnussen","C5","11","C4","66",NULL,NULL,NULL,NULL,NULL,NULL,NULL,NULL,NULL,NULL,NULL,NULL,NULL,NULL,NULL,NULL,"1015","825"
"Kevin","Magnussen","C3","39","C4","29",NULL,NULL,NULL,NULL,NULL,NULL,NULL,NULL,NULL,NULL,NULL,NULL,NULL,NULL,NULL,NULL,"1016","825"
"Kevin","Magnussen","C3","16","C2","36",NULL,NULL,NULL,NULL,NULL,NULL,NULL,NULL,NULL,NULL,NULL,NULL,NULL,NULL,NULL,NULL,"1017","825"
"Kevin","Magnussen","C3","1","C1","5",NULL,NULL,NULL,NULL,NULL,NULL,NULL,NULL,NULL,NULL,NULL,NULL,NULL,NULL,NULL,NULL,"1019","825"
"Daniil","Kvyat","C4","12","C3","57",NULL,NULL,NULL,NULL,NULL,NULL,NULL,NULL,NULL,NULL,NULL,NULL,NULL,NULL,NULL,NULL,"1016","826"
"Daniil","Kvyat","C2","32","C3","20",NULL,NULL,NULL,NULL,NULL,NULL,NULL,NULL,NULL,NULL,NULL,NULL,NULL,NULL,NULL,NULL,"1017","826"
"Daniil","Kvyat","C3","12","C2","9","C1","31",NULL,NULL,NULL,NULL,NULL,NULL,NULL,NULL,NULL,NULL,NULL,NULL,NULL,NULL,"1019","826"
"Max","Verstappen","C3","48","C4","22",NULL,NULL,NULL,NULL,NULL,NULL,NULL,NULL,NULL,NULL,NULL,NULL,NULL,NULL,NULL,NULL,"1016","830"
"Max","Verstappen","C3","20","C2","33",NULL,NULL,NULL,NULL,NULL,NULL,NULL,NULL,NULL,NULL,NULL,NULL,NULL,NULL,NULL,NULL,"1017","830"
"Max","Verstappen","C3","31","C2","40",NULL,NULL,NULL,NULL,NULL,NULL,NULL,NULL,NULL,NULL,NULL,NULL,NULL,NULL,NULL,NULL,"1018","830"
"Carlos","Sainz","C5","3","C3","66",NULL,NULL,NULL,NULL,NULL,NULL,NULL,NULL,NULL,NULL,NULL,NULL,NULL,NULL,NULL,NULL,"1016","832"
"Carlos","Sainz","C3","19","C2","34",NULL,NULL,NULL,NULL,NULL,NULL,NULL,NULL,NULL,NULL,NULL,NULL,NULL,NULL,NULL,NULL,"1017","832"
"Carlos","Sainz","C3","41","C2","29",NULL,NULL,NULL,NULL,NULL,NULL,NULL,NULL,NULL,NULL,NULL,NULL,NULL,NULL,NULL,NULL,"1018","832"
"Carlos","Sainz","C2","20","C1","32",NULL,NULL,NULL,NULL,NULL,NULL,NULL,NULL,NULL,NULL,NULL,NULL,NULL,NULL,NULL,NULL,"1019","832"
"Antonio","Giovinazzi","C2","18",NULL,NULL,NULL,NULL,NULL,NULL,NULL,NULL,NULL,NULL,NULL,NULL,NULL,NULL,NULL,NULL,NULL,NULL,"1019","841"
"Pierre","Gasly","C5","7","C3","62",NULL,NULL,NULL,NULL,NULL,NULL,NULL,NULL,NULL,NULL,NULL,NULL,NULL,NULL,NULL,NULL,"1016","842"
"Pierre","Gasly","C4","17","C2","35",NULL,NULL,NULL,NULL,NULL,NULL,NULL,NULL,NULL,NULL,NULL,NULL,NULL,NULL,NULL,NULL,"1017","842"
"Pierre","Gasly","C4","25","C2","45",NULL,NULL,NULL,NULL,NULL,NULL,NULL,NULL,NULL,NULL,NULL,NULL,NULL,NULL,NULL,NULL,"1018","842"
"Pierre","Gasly","C2","12","C1","40",NULL,NULL,NULL,NULL,NULL,NULL,NULL,NULL,NULL,NULL,NULL,NULL,NULL,NULL,NULL,NULL,"1019","842"
"Charles","Leclerc","C4","9","C3","7","C5","0",NULL,NULL,NULL,NULL,NULL,NULL,NULL,NULL,NULL,NULL,NULL,NULL,NULL,NULL,"1015","844"
"Charles","Leclerc","C4","33","C3","37",NULL,NULL,NULL,NULL,NULL,NULL,NULL,NULL,NULL,NULL,NULL,NULL,NULL,NULL,NULL,NULL,"1016","844"
"Charles","Leclerc","C3","21","C2","32",NULL,NULL,NULL,NULL,NULL,NULL,NULL,NULL,NULL,NULL,NULL,NULL,NULL,NULL,NULL,NULL,"1017","844"
"Charles","Leclerc","C4","22","C2","49",NULL,NULL,NULL,NULL,NULL,NULL,NULL,NULL,NULL,NULL,NULL,NULL,NULL,NULL,NULL,NULL,"1018","844"
"Charles","Leclerc","C3","13","C2","8","C1","31",NULL,NULL,NULL,NULL,NULL,NULL,NULL,NULL,NULL,NULL,NULL,NULL,NULL,NULL,"1019","844"
"Lando","Norris","C4","47","C5","31",NULL,NULL,NULL,NULL,NULL,NULL,NULL,NULL,NULL,NULL,NULL,NULL,NULL,NULL,NULL,NULL,"1015","846"
"Lando","Norris","C3","18","C2","34",NULL,NULL,NULL,NULL,NULL,NULL,NULL,NULL,NULL,NULL,NULL,NULL,NULL,NULL,NULL,NULL,"1017","846"
"Lando","Norris","C4","25","C3","45",NULL,NULL,NULL,NULL,NULL,NULL,NULL,NULL,NULL,NULL,NULL,NULL,NULL,NULL,NULL,NULL,"1018","846"
"Lando","Norris","C3","13","C2","22","C1","17",NULL,NULL,NULL,NULL,NULL,NULL,NULL,NULL,NULL,NULL,NULL,NULL,NULL,NULL,"1019","846"
"George","Russell","C4","10","C3","67",NULL,NULL,NULL,NULL,NULL,NULL,NULL,NULL,NULL,NULL,NULL,NULL,NULL,NULL,NULL,NULL,"1015","847"
"George","Russell","C4","9","C3","59",NULL,NULL,NULL,NULL,NULL,NULL,NULL,NULL,NULL,NULL,NULL,NULL,NULL,NULL,NULL,NULL,"1016","847"
"George","Russell","C3","25","C2","8","C3","18",NULL,NULL,NULL,NULL,NULL,NULL,NULL,NULL,NULL,NULL,NULL,NULL,NULL,NULL,"1017","847"
"George","Russell","C2","21","C1","30",NULL,NULL,NULL,NULL,NULL,NULL,NULL,NULL,NULL,NULL,NULL,NULL,NULL,NULL,NULL,NULL,"1019","847"
"Alexander","Albon","C4","1","C3","58",NULL,NULL,NULL,NULL,NULL,NULL,NULL,NULL,NULL,NULL,NULL,NULL,NULL,NULL,NULL,NULL,"1016","848"
"Alexander","Albon","C3","25","C2","27",NULL,NULL,NULL,NULL,NULL,NULL,NULL,NULL,NULL,NULL,NULL,NULL,NULL,NULL,NULL,NULL,"1017","848"
"Alexander","Albon","C3","13","C2","39",NULL,NULL,NULL,NULL,NULL,NULL,NULL,NULL,NULL,NULL,NULL,NULL,NULL,NULL,NULL,NULL,"1019","848"
"Lance","Stroll","Wet","7","Intermediate","18","C3","3","Intermediate","13","Intermediate","3","C4","20",NULL,NULL,NULL,NULL,NULL,NULL,NULL,NULL,"1020","840"
"Lance","Stroll","C3","37","C2","33",NULL,NULL,NULL,NULL,NULL,NULL,NULL,NULL,NULL,NULL,NULL,NULL,NULL,NULL,NULL,NULL,"1027","840"
"Lance","Stroll","C3","16","C2","34","C4","18",NULL,NULL,NULL,NULL,NULL,NULL,NULL,NULL,NULL,NULL,NULL,NULL,NULL,NULL,"1021","840"
"Antonio","Giovinazzi","C3","21","C2","49",NULL,NULL,NULL,NULL,NULL,NULL,NULL,NULL,NULL,NULL,NULL,NULL,NULL,NULL,NULL,NULL,"1027","841"
"Antonio","Giovinazzi","C3","15","C2","53",NULL,NULL,NULL,NULL,NULL,NULL,NULL,NULL,NULL,NULL,NULL,NULL,NULL,NULL,NULL,NULL,"1021","841"
"Kimi","Raikkonen","Wet","3","Intermediate","23","C3","2","Intermediate","19","C4","17",NULL,NULL,NULL,NULL,NULL,NULL,NULL,NULL,NULL,NULL,"1020","8"
"Kimi","Raikkonen","C3","15","C2","37","C3","6",NULL,NULL,NULL,NULL,NULL,NULL,NULL,NULL,NULL,NULL,NULL,NULL,NULL,NULL,"1027","8"
"Kimi","Raikkonen","C4","29","C3","40",NULL,NULL,NULL,NULL,NULL,NULL,NULL,NULL,NULL,NULL,NULL,NULL,NULL,NULL,NULL,NULL,"1021","8"
"Robert","Kubica","Wet","7","Intermediate","16","Intermediate","8","Intermediate","15","C4","11","C4","7",NULL,NULL,NULL,NULL,NULL,NULL,NULL,NULL,"1020","9"
"Robert","Kubica","C3","21","C2","39","C3","9",NULL,NULL,NULL,NULL,NULL,NULL,NULL,NULL,NULL,NULL,NULL,NULL,NULL,NULL,"1027","9"
"Robert","Kubica","C3","18","C2","49",NULL,NULL,NULL,NULL,NULL,NULL,NULL,NULL,NULL,NULL,NULL,NULL,NULL,NULL,NULL,NULL,"1021","9"
"Robert","Kubica","C2","31","C3","12",NULL,NULL,NULL,NULL,NULL,NULL,NULL,NULL,NULL,NULL,NULL,NULL,NULL,NULL,NULL,NULL,"1022","9"
"Sebastian","Vettel","Wet","2","Intermediate","21","C4","5","Intermediate","13","Intermediate","6","C4","17",NULL,NULL,NULL,NULL,NULL,NULL,NULL,NULL,"1020","20"
"Sebastian","Vettel","C3","37","C2","34",NULL,NULL,NULL,NULL,NULL,NULL,NULL,NULL,NULL,NULL,NULL,NULL,NULL,NULL,NULL,NULL,"1027","20"
"Sebastian","Vettel","C3","15","C2","18","C3","11",NULL,NULL,NULL,NULL,NULL,NULL,NULL,NULL,NULL,NULL,NULL,NULL,NULL,NULL,"1022","20"
"Romain","Grosjean","Wet","3","Intermediate","23","C4","2","Intermediate","13","Intermediate","5","C4","18",NULL,NULL,NULL,NULL,NULL,NULL,NULL,NULL,"1020","154"
"Romain","Grosjean","C3","37","C2","32",NULL,NULL,NULL,NULL,NULL,NULL,NULL,NULL,NULL,NULL,NULL,NULL,NULL,NULL,NULL,NULL,"1027","154"
"Romain","Grosjean","C4","19","C2","30",NULL,NULL,NULL,NULL,NULL,NULL,NULL,NULL,NULL,NULL,NULL,NULL,NULL,NULL,NULL,NULL,"1021","154"
"Romain","Grosjean","C3","16","C2","27",NULL,NULL,NULL,NULL,NULL,NULL,NULL,NULL,NULL,NULL,NULL,NULL,NULL,NULL,NULL,NULL,"1022","154"
"Nico","Hulkenberg","C3","18","C2","52",NULL,NULL,NULL,NULL,NULL,NULL,NULL,NULL,NULL,NULL,NULL,NULL,NULL,NULL,NULL,NULL,"1027","807"
"Nico","Hulkenberg","C3","36","C4","33",NULL,NULL,NULL,NULL,NULL,NULL,NULL,NULL,NULL,NULL,NULL,NULL,NULL,NULL,NULL,NULL,"1021","807"
"Nico","Hulkenberg","C3","11","C2","20","C3","13",NULL,NULL,NULL,NULL,NULL,NULL,NULL,NULL,NULL,NULL,NULL,NULL,NULL,NULL,"1022","807"
"Nico","Hulkenberg","C4","29","C3","24",NULL,NULL,NULL,NULL,NULL,NULL,NULL,NULL,NULL,NULL,NULL,NULL,NULL,NULL,NULL,NULL,"1023","807"
"Sergio","Perez","C3","18","C2","51",NULL,NULL,NULL,NULL,NULL,NULL,NULL,NULL,NULL,NULL,NULL,NULL,NULL,NULL,NULL,NULL,"1021","815"
"Sergio","Perez","C3","15","C2","29",NULL,NULL,NULL,NULL,NULL,NULL,NULL,NULL,NULL,NULL,NULL,NULL,NULL,NULL,NULL,NULL,"1022","815"
"Sergio","Perez","C3","28","C4","25",NULL,NULL,NULL,NULL,NULL,NULL,NULL,NULL,NULL,NULL,NULL,NULL,NULL,NULL,NULL,NULL,"1023","815"
"Daniel","Ricciardo","Wet","3","Intermediate","10",NULL,NULL,NULL,NULL,NULL,NULL,NULL,NULL,NULL,NULL,NULL,NULL,NULL,NULL,NULL,NULL,"1020","817"
"Daniel","Ricciardo","C2","50","C3","21",NULL,NULL,NULL,NULL,NULL,NULL,NULL,NULL,NULL,NULL,NULL,NULL,NULL,NULL,NULL,NULL,"1027","817"
"Daniel","Ricciardo","C2","46","C4","23",NULL,NULL,NULL,NULL,NULL,NULL,NULL,NULL,NULL,NULL,NULL,NULL,NULL,NULL,NULL,NULL,"1021","817"
"Daniel","Ricciardo","C3","1","C2","42",NULL,NULL,NULL,NULL,NULL,NULL,NULL,NULL,NULL,NULL,NULL,NULL,NULL,NULL,NULL,NULL,"1022","817"
"Valtteri","Bottas","C3","36","C2","35",NULL,NULL,NULL,NULL,NULL,NULL,NULL,NULL,NULL,NULL,NULL,NULL,NULL,NULL,NULL,NULL,"1027","822"
"Valtteri","Bottas","C3","5","C2","41","C3","23",NULL,NULL,NULL,NULL,NULL,NULL,NULL,NULL,NULL,NULL,NULL,NULL,NULL,NULL,"1021","822"
"Valtteri","Bottas","C3","23","C2","21",NULL,NULL,NULL,NULL,NULL,NULL,NULL,NULL,NULL,NULL,NULL,NULL,NULL,NULL,NULL,NULL,"1022","822"
"Valtteri","Bottas","C4","27","C3","26",NULL,NULL,NULL,NULL,NULL,NULL,NULL,NULL,NULL,NULL,NULL,NULL,NULL,NULL,NULL,NULL,"1023","822"
"Kevin","Magnussen","Wet","8","Intermediate","13","C4","8","Intermediate","13","Intermediate","3","C4","12","C4","7",NULL,NULL,NULL,NULL,NULL,NULL,"1020","825"
"Kevin","Magnussen","C3","28","C2","41",NULL,NULL,NULL,NULL,NULL,NULL,NULL,NULL,NULL,NULL,NULL,NULL,NULL,NULL,NULL,NULL,"1027","825"
"Kevin","Magnussen","C3","38","C4","31",NULL,NULL,NULL,NULL,NULL,NULL,NULL,NULL,NULL,NULL,NULL,NULL,NULL,NULL,NULL,NULL,"1021","825"
"Kevin","Magnussen","C3","25","C2","18",NULL,NULL,NULL,NULL,NULL,NULL,NULL,NULL,NULL,NULL,NULL,NULL,NULL,NULL,NULL,NULL,"1022","825"
"Daniil","Kvyat","Wet","3","Intermediate","22","C4","3","Intermediate","17","C4","19",NULL,NULL,NULL,NULL,NULL,NULL,NULL,NULL,NULL,NULL,"1020","826"
"Daniil","Kvyat","C4","10","C2","34","C3","26",NULL,NULL,NULL,NULL,NULL,NULL,NULL,NULL,NULL,NULL,NULL,NULL,NULL,NULL,"1027","826"
"Daniil","Kvyat","C3","21","C2","47",NULL,NULL,NULL,NULL,NULL,NULL,NULL,NULL,NULL,NULL,NULL,NULL,NULL,NULL,NULL,NULL,"1021","826"
"Daniil","Kvyat","C2","24","C3","20",NULL,NULL,NULL,NULL,NULL,NULL,NULL,NULL,NULL,NULL,NULL,NULL,NULL,NULL,NULL,NULL,"1022","826"
"Max","Verstappen","Wet","3","Intermediate","22","C3","4","Intermediate","12","Intermediate","5","C4","18",NULL,NULL,NULL,NULL,NULL,NULL,NULL,NULL,"1020","830"
"Max","Verstappen","C3","5","C2","66",NULL,NULL,NULL,NULL,NULL,NULL,NULL,NULL,NULL,NULL,NULL,NULL,NULL,NULL,NULL,NULL,"1027","830"
"Max","Verstappen",NULL,NULL,NULL,NULL,NULL,NULL,NULL,NULL,NULL,NULL,NULL,NULL,NULL,NULL,NULL,NULL,NULL,NULL,NULL,NULL,"1022","830"
"Carlos","Sainz","Wet","3","Intermediate","24","Intermediate","19","C4","18",NULL,NULL,NULL,NULL,NULL,NULL,NULL,NULL,NULL,NULL,NULL,NULL,"1020","832"
"Carlos","Sainz","C4","15","C2","20","C3","35",NULL,NULL,NULL,NULL,NULL,NULL,NULL,NULL,NULL,NULL,NULL,NULL,NULL,NULL,"1027","832"
"Antonio","Giovinazzi","C2","29","C3","13",NULL,NULL,NULL,NULL,NULL,NULL,NULL,NULL,NULL,NULL,NULL,NULL,NULL,NULL,NULL,NULL,"1022","841"
"Pierre","Gasly","C4","9","C2","40","C3","21",NULL,NULL,NULL,NULL,NULL,NULL,NULL,NULL,NULL,NULL,NULL,NULL,NULL,NULL,"1027","842"
"Pierre","Gasly","C3","13","C2","31",NULL,NULL,NULL,NULL,NULL,NULL,NULL,NULL,NULL,NULL,NULL,NULL,NULL,NULL,NULL,NULL,"1022","842"
"Charles","Leclerc","C3","15","C3","28","C2","28",NULL,NULL,NULL,NULL,NULL,NULL,NULL,NULL,NULL,NULL,NULL,NULL,NULL,NULL,"1027","844"
"Charles","Leclerc","C3","21","C2","23",NULL,NULL,NULL,NULL,NULL,NULL,NULL,NULL,NULL,NULL,NULL,NULL,NULL,NULL,NULL,NULL,"1022","844"
"Charles","Leclerc","C4","20","C2","33",NULL,NULL,NULL,NULL,NULL,NULL,NULL,NULL,NULL,NULL,NULL,NULL,NULL,NULL,NULL,NULL,"1023","844"
"Lando","Norris","C4","12","C2","36",NULL,NULL,NULL,NULL,NULL,NULL,NULL,NULL,NULL,NULL,NULL,NULL,NULL,NULL,NULL,NULL,"1027","846"
"Lando","Norris","C4","28","C2","41",NULL,NULL,NULL,NULL,NULL,NULL,NULL,NULL,NULL,NULL,NULL,NULL,NULL,NULL,NULL,NULL,"1021","846"
"Lando","Norris","C3","19","C2","24",NULL,NULL,NULL,NULL,NULL,NULL,NULL,NULL,NULL,NULL,NULL,NULL,NULL,NULL,NULL,NULL,"1022","846"
"George","Russell","Wet","7","Intermediate","17","Intermediate","17","Intermediate","6","C4","10","C4","7",NULL,NULL,NULL,NULL,NULL,NULL,NULL,NULL,"1020","847"
"George","Russell","C3","22","C2","47",NULL,NULL,NULL,NULL,NULL,NULL,NULL,NULL,NULL,NULL,NULL,NULL,NULL,NULL,NULL,NULL,"1027","847"
"George","Russell","C3","16","C2","52",NULL,NULL,NULL,NULL,NULL,NULL,NULL,NULL,NULL,NULL,NULL,NULL,NULL,NULL,NULL,NULL,"1021","847"
"George","Russell","C2","30","C3","13",NULL,NULL,NULL,NULL,NULL,NULL,NULL,NULL,NULL,NULL,NULL,NULL,NULL,NULL,NULL,NULL,"1022","847"
"Alexander","Albon","Wet","2","Intermediate","25","C4","1","Intermediate","18","C4","18",NULL,NULL,NULL,NULL,NULL,NULL,NULL,NULL,NULL,NULL,"1020","848"
"Alexander","Albon","C3","14","C3","30","C2","27",NULL,NULL,NULL,NULL,NULL,NULL,NULL,NULL,NULL,NULL,NULL,NULL,NULL,NULL,"1027","848"
"Alexander","Albon","C3","28","C2","41",NULL,NULL,NULL,NULL,NULL,NULL,NULL,NULL,NULL,NULL,NULL,NULL,NULL,NULL,NULL,NULL,"1021","848"
"Alexander","Albon","C2","23","C3","21",NULL,NULL,NULL,NULL,NULL,NULL,NULL,NULL,NULL,NULL,NULL,NULL,NULL,NULL,NULL,NULL,"1022","848"
"Lance","Stroll","C4","15","C3","7",NULL,NULL,NULL,NULL,NULL,NULL,NULL,NULL,NULL,NULL,NULL,NULL,NULL,NULL,NULL,NULL,"1023","840"
"Lance","Stroll","C3","27","C4","26",NULL,NULL,NULL,NULL,NULL,NULL,NULL,NULL,NULL,NULL,NULL,NULL,NULL,NULL,NULL,NULL,"1025","840"
"Lance","Stroll","C3","18","C2","33",NULL,NULL,NULL,NULL,NULL,NULL,NULL,NULL,NULL,NULL,NULL,NULL,NULL,NULL,NULL,NULL,"1026","840"
"Lance","Stroll","C4","20",NULL,NULL,NULL,NULL,NULL,NULL,NULL,NULL,NULL,NULL,NULL,NULL,NULL,NULL,NULL,NULL,NULL,NULL,"1031","840"
"Antonio","Giovinazzi","C4","21","C3","31",NULL,NULL,NULL,NULL,NULL,NULL,NULL,NULL,NULL,NULL,NULL,NULL,NULL,NULL,NULL,NULL,"1023","841"
"Antonio","Giovinazzi","C4","2","C2","25","C3","26",NULL,NULL,NULL,NULL,NULL,NULL,NULL,NULL,NULL,NULL,NULL,NULL,NULL,NULL,"1025","841"
"Antonio","Giovinazzi","C2","18","C1","31","C3","2",NULL,NULL,NULL,NULL,NULL,NULL,NULL,NULL,NULL,NULL,NULL,NULL,NULL,NULL,"1026","841"
"Kimi","Raikkonen","C3","19","C4","7",NULL,NULL,NULL,NULL,NULL,NULL,NULL,NULL,NULL,NULL,NULL,NULL,NULL,NULL,NULL,NULL,"1023","8"
"Kimi","Raikkonen","C4","15","C3","34",NULL,NULL,NULL,NULL,NULL,NULL,NULL,NULL,NULL,NULL,NULL,NULL,NULL,NULL,NULL,NULL,"1024","8"
"Kimi","Raikkonen","C3","27","C4","26",NULL,NULL,NULL,NULL,NULL,NULL,NULL,NULL,NULL,NULL,NULL,NULL,NULL,NULL,NULL,NULL,"1025","8"
"Kimi","Raikkonen","C2","15","C1","21","C3","15",NULL,NULL,NULL,NULL,NULL,NULL,NULL,NULL,NULL,NULL,NULL,NULL,NULL,NULL,"1026","8"
"Robert","Kubica","C3","29","C4","15","C3","7",NULL,NULL,NULL,NULL,NULL,NULL,NULL,NULL,NULL,NULL,NULL,NULL,NULL,NULL,"1023","9"
"Robert","Kubica","C4","21","C3","23","C4","17",NULL,NULL,NULL,NULL,NULL,NULL,NULL,NULL,NULL,NULL,NULL,NULL,NULL,NULL,"1024","9"
"Robert","Kubica","C3","1","C2","1","C3","26",NULL,NULL,NULL,NULL,NULL,NULL,NULL,NULL,NULL,NULL,NULL,NULL,NULL,NULL,"1025","9"
"Robert","Kubica","C2","22","C1","11","C2","17",NULL,NULL,NULL,NULL,NULL,NULL,NULL,NULL,NULL,NULL,NULL,NULL,NULL,NULL,"1026","9"
"Sebastian","Vettel","C4","6","C2","6","C3","29",NULL,NULL,NULL,NULL,NULL,NULL,NULL,NULL,NULL,NULL,NULL,NULL,NULL,NULL,"1023","20"
"Sebastian","Vettel","C4","26","C3","0",NULL,NULL,NULL,NULL,NULL,NULL,NULL,NULL,NULL,NULL,NULL,NULL,NULL,NULL,NULL,NULL,"1025","20"
"Sebastian","Vettel","C3","16","C3","15","C2","21",NULL,NULL,NULL,NULL,NULL,NULL,NULL,NULL,NULL,NULL,NULL,NULL,NULL,NULL,"1026","20"
"Sebastian","Vettel","C5","12","C3","26","C4","17",NULL,NULL,NULL,NULL,NULL,NULL,NULL,NULL,NULL,NULL,NULL,NULL,NULL,NULL,"1030","20"
"Romain","Grosjean","C4","7","C3","22","C4","23",NULL,NULL,NULL,NULL,NULL,NULL,NULL,NULL,NULL,NULL,NULL,NULL,NULL,NULL,"1023","154"
"Romain","Grosjean",NULL,NULL,NULL,NULL,NULL,NULL,NULL,NULL,NULL,NULL,NULL,NULL,NULL,NULL,NULL,NULL,NULL,NULL,NULL,NULL,"1025","154"
"Romain","Grosjean","C3","16","C1","35",NULL,NULL,NULL,NULL,NULL,NULL,NULL,NULL,NULL,NULL,NULL,NULL,NULL,NULL,NULL,NULL,"1026","154"
"Romain","Grosjean","C3","20","C2","29",NULL,NULL,NULL,NULL,NULL,NULL,NULL,NULL,NULL,NULL,NULL,NULL,NULL,NULL,NULL,NULL,"1031","154"
"Nico","Hulkenberg","C4","16","C3","13","C4","24",NULL,NULL,NULL,NULL,NULL,NULL,NULL,NULL,NULL,NULL,NULL,NULL,NULL,NULL,"1025","807"
"Nico","Hulkenberg","C3","19","C2","32",NULL,NULL,NULL,NULL,NULL,NULL,NULL,NULL,NULL,NULL,NULL,NULL,NULL,NULL,NULL,NULL,"1026","807"
"Sergio","Perez","C4","13","C3","29",NULL,NULL,NULL,NULL,NULL,NULL,NULL,NULL,NULL,NULL,NULL,NULL,NULL,NULL,NULL,NULL,"1024","815"
"Sergio","Perez","C4","23","C3","30",NULL,NULL,NULL,NULL,NULL,NULL,NULL,NULL,NULL,NULL,NULL,NULL,NULL,NULL,NULL,NULL,"1025","815"
"Sergio","Perez","C3","19","C2","22","C3","10",NULL,NULL,NULL,NULL,NULL,NULL,NULL,NULL,NULL,NULL,NULL,NULL,NULL,NULL,"1026","815"
"Sergio","Perez","C3","20","C2","51",NULL,NULL,NULL,NULL,NULL,NULL,NULL,NULL,NULL,NULL,NULL,NULL,NULL,NULL,NULL,NULL,"1027","815"
"Sergio","Perez","C4","37","C3","17",NULL,NULL,NULL,NULL,NULL,NULL,NULL,NULL,NULL,NULL,NULL,NULL,NULL,NULL,NULL,NULL,"1030","815"
"Daniel","Ricciardo","C4","34","C3","27",NULL,NULL,NULL,NULL,NULL,NULL,NULL,NULL,NULL,NULL,NULL,NULL,NULL,NULL,NULL,NULL,"1024","817"
"Daniel","Ricciardo","C4","1","C3","23",NULL,NULL,NULL,NULL,NULL,NULL,NULL,NULL,NULL,NULL,NULL,NULL,NULL,NULL,NULL,NULL,"1025","817"
"Daniel","Ricciardo","C2","29","C3","22",NULL,NULL,NULL,NULL,NULL,NULL,NULL,NULL,NULL,NULL,NULL,NULL,NULL,NULL,NULL,NULL,"1026","817"
"Daniel","Ricciardo","C4","17",NULL,NULL,NULL,NULL,NULL,NULL,NULL,NULL,NULL,NULL,NULL,NULL,NULL,NULL,NULL,NULL,NULL,NULL,"1031","817"
"Valtteri","Bottas","C3","28","C4","25",NULL,NULL,NULL,NULL,NULL,NULL,NULL,NULL,NULL,NULL,NULL,NULL,NULL,NULL,NULL,NULL,"1025","822"
"Valtteri","Bottas","C3","17","C2","19","C3","16",NULL,NULL,NULL,NULL,NULL,NULL,NULL,NULL,NULL,NULL,NULL,NULL,NULL,NULL,"1026","822"
"Valtteri","Bottas","C4","29","C3","26",NULL,NULL,NULL,NULL,NULL,NULL,NULL,NULL,NULL,NULL,NULL,NULL,NULL,NULL,NULL,NULL,"1030","822"
"Valtteri","Bottas","C4","34","C3","37",NULL,NULL,NULL,NULL,NULL,NULL,NULL,NULL,NULL,NULL,NULL,NULL,NULL,NULL,NULL,NULL,"1032","822"
"Kevin","Magnussen","C4","18","C3","38","C5","5",NULL,NULL,NULL,NULL,NULL,NULL,NULL,NULL,NULL,NULL,NULL,NULL,NULL,NULL,"1024","825"
"Kevin","Magnussen","C4","27","C3","26",NULL,NULL,NULL,NULL,NULL,NULL,NULL,NULL,NULL,NULL,NULL,NULL,NULL,NULL,NULL,NULL,"1025","825"
"Kevin","Magnussen","C2","17","C1","30","C3","4",NULL,NULL,NULL,NULL,NULL,NULL,NULL,NULL,NULL,NULL,NULL,NULL,NULL,NULL,"1026","825"
"Kevin","Magnussen","C3","24",NULL,NULL,NULL,NULL,NULL,NULL,NULL,NULL,NULL,NULL,NULL,NULL,NULL,NULL,NULL,NULL,NULL,NULL,"1031","825"
"Daniil","Kvyat","C4","12","C3","24","C5","25",NULL,NULL,NULL,NULL,NULL,NULL,NULL,NULL,NULL,NULL,NULL,NULL,NULL,NULL,"1024","826"
"Daniil","Kvyat","C2","27","C4","2","C4","24",NULL,NULL,NULL,NULL,NULL,NULL,NULL,NULL,NULL,NULL,NULL,NULL,NULL,NULL,"1025","826"
"Daniil","Kvyat","C3","27","C2","24",NULL,NULL,NULL,NULL,NULL,NULL,NULL,NULL,NULL,NULL,NULL,NULL,NULL,NULL,NULL,NULL,"1026","826"
"Daniil","Kvyat","C3","40","C4","14",NULL,NULL,NULL,NULL,NULL,NULL,NULL,NULL,NULL,NULL,NULL,NULL,NULL,NULL,NULL,NULL,"1030","826"
"Max","Verstappen","C4","28","C3","25",NULL,NULL,NULL,NULL,NULL,NULL,NULL,NULL,NULL,NULL,NULL,NULL,NULL,NULL,NULL,NULL,"1025","830"
"Max","Verstappen","C3","14",NULL,NULL,NULL,NULL,NULL,NULL,NULL,NULL,NULL,NULL,NULL,NULL,NULL,NULL,NULL,NULL,NULL,NULL,"1026","830"
"Max","Verstappen","C4","25","C3","30",NULL,NULL,NULL,NULL,NULL,NULL,NULL,NULL,NULL,NULL,NULL,NULL,NULL,NULL,NULL,NULL,"1030","830"
"Max","Verstappen","C3","11",NULL,NULL,NULL,NULL,NULL,NULL,NULL,NULL,NULL,NULL,NULL,NULL,NULL,NULL,NULL,NULL,NULL,NULL,"1031","830"
"Max","Verstappen","C4","24","C3","44","C4","3",NULL,NULL,NULL,NULL,NULL,NULL,NULL,NULL,NULL,NULL,NULL,NULL,NULL,NULL,"1032","830"
"Carlos","Sainz","C4","21","C3","32",NULL,NULL,NULL,NULL,NULL,NULL,NULL,NULL,NULL,NULL,NULL,NULL,NULL,NULL,NULL,NULL,"1025","832"
"Carlos","Sainz","C3","26","C2","26",NULL,NULL,NULL,NULL,NULL,NULL,NULL,NULL,NULL,NULL,NULL,NULL,NULL,NULL,NULL,NULL,"1026","832"
"Carlos","Sainz","C5","12","C3","29","C4","13",NULL,NULL,NULL,NULL,NULL,NULL,NULL,NULL,NULL,NULL,NULL,NULL,NULL,NULL,"1030","832"
"Pierre","Gasly","C3","28","C4","24",NULL,NULL,NULL,NULL,NULL,NULL,NULL,NULL,NULL,NULL,NULL,NULL,NULL,NULL,NULL,NULL,"1023","842"
"Pierre","Gasly","C3","26","C4","27",NULL,NULL,NULL,NULL,NULL,NULL,NULL,NULL,NULL,NULL,NULL,NULL,NULL,NULL,NULL,NULL,"1025","842"
"Pierre","Gasly","C3","18","C2","33",NULL,NULL,NULL,NULL,NULL,NULL,NULL,NULL,NULL,NULL,NULL,NULL,NULL,NULL,NULL,NULL,"1026","842"
"Charles","Leclerc","C4","22","C3","8","C4","23",NULL,NULL,NULL,NULL,NULL,NULL,NULL,NULL,NULL,NULL,NULL,NULL,NULL,NULL,"1025","844"
"Charles","Leclerc","C3","3","C2","22","C3","21","C3","5",NULL,NULL,NULL,NULL,NULL,NULL,NULL,NULL,NULL,NULL,NULL,NULL,"1026","844"
"Charles","Leclerc","C4","12","C3","26","C5","17",NULL,NULL,NULL,NULL,NULL,NULL,NULL,NULL,NULL,NULL,NULL,NULL,NULL,NULL,"1030","844"
"Lando","Norris","C3","23","C2","29",NULL,NULL,NULL,NULL,NULL,NULL,NULL,NULL,NULL,NULL,NULL,NULL,NULL,NULL,NULL,NULL,"1023","846"
"Lando","Norris","C4","20","C3","33",NULL,NULL,NULL,NULL,NULL,NULL,NULL,NULL,NULL,NULL,NULL,NULL,NULL,NULL,NULL,NULL,"1025","846"
"Lando","Norris","C3","4","C2","21","C1","26",NULL,NULL,NULL,NULL,NULL,NULL,NULL,NULL,NULL,NULL,NULL,NULL,NULL,NULL,"1026","846"
"Lando","Norris","C5","8","C3","46",NULL,NULL,NULL,NULL,NULL,NULL,NULL,NULL,NULL,NULL,NULL,NULL,NULL,NULL,NULL,NULL,"1030","846"
"George","Russell","C3","23","C2","29",NULL,NULL,NULL,NULL,NULL,NULL,NULL,NULL,NULL,NULL,NULL,NULL,NULL,NULL,NULL,NULL,"1023","847"
"George","Russell","C4","1","C3","33",NULL,NULL,NULL,NULL,NULL,NULL,NULL,NULL,NULL,NULL,NULL,NULL,NULL,NULL,NULL,NULL,"1024","847"
"George","Russell","C3","27",NULL,NULL,NULL,NULL,NULL,NULL,NULL,NULL,NULL,NULL,NULL,NULL,NULL,NULL,NULL,NULL,NULL,NULL,"1025","847"
"George","Russell","C2","25","C1","25",NULL,NULL,NULL,NULL,NULL,NULL,NULL,NULL,NULL,NULL,NULL,NULL,NULL,NULL,NULL,NULL,"1026","847"
"George","Russell","C3","25","C2","24",NULL,NULL,NULL,NULL,NULL,NULL,NULL,NULL,NULL,NULL,NULL,NULL,NULL,NULL,NULL,NULL,"1031","847"
"Alexander","Albon","C3","29","C4","24",NULL,NULL,NULL,NULL,NULL,NULL,NULL,NULL,NULL,NULL,NULL,NULL,NULL,NULL,NULL,NULL,"1025","848"
"Alexander","Albon","C3","15","C2","19","C3","18",NULL,NULL,NULL,NULL,NULL,NULL,NULL,NULL,NULL,NULL,NULL,NULL,NULL,NULL,"1026","848"
"Alexander","Albon","C4","13","C3","42",NULL,NULL,NULL,NULL,NULL,NULL,NULL,NULL,NULL,NULL,NULL,NULL,NULL,NULL,NULL,NULL,"1030","848"
"Alexander","Albon","C4","26","C2","25","C4","5",NULL,NULL,NULL,NULL,NULL,NULL,NULL,NULL,NULL,NULL,NULL,NULL,NULL,NULL,"1031","848"
"Lance","Stroll","C4","33","C3","38",NULL,NULL,NULL,NULL,NULL,NULL,NULL,NULL,NULL,NULL,NULL,NULL,NULL,NULL,NULL,NULL,"1032","840"
"Lance","Stroll","Intermediate","3","C3","32","C3","17","C2","18",NULL,NULL,NULL,NULL,NULL,NULL,NULL,NULL,NULL,NULL,NULL,NULL,"1033","840"
"Lance","Stroll","C3","18","C2","13","C2","21",NULL,NULL,NULL,NULL,NULL,NULL,NULL,NULL,NULL,NULL,NULL,NULL,NULL,NULL,"1035","840"
"Lance","Stroll","C3","27","C2","15","C3","23",NULL,NULL,NULL,NULL,NULL,NULL,NULL,NULL,NULL,NULL,NULL,NULL,NULL,NULL,"1036","840"
"Antonio","Giovinazzi","C3","39","C4","31",NULL,NULL,NULL,NULL,NULL,NULL,NULL,NULL,NULL,NULL,NULL,NULL,NULL,NULL,NULL,NULL,"1032","841"
"Kimi","Raikkonen","C3","44","C4","26",NULL,NULL,NULL,NULL,NULL,NULL,NULL,NULL,NULL,NULL,NULL,NULL,NULL,NULL,NULL,NULL,"1032","8"
"Kimi","Raikkonen","C2","26","C3","25",NULL,NULL,NULL,NULL,NULL,NULL,NULL,NULL,NULL,NULL,NULL,NULL,NULL,NULL,NULL,NULL,"1035","8"
"Kimi","Raikkonen","C2","20","C2","24","C3","21",NULL,NULL,NULL,NULL,NULL,NULL,NULL,NULL,NULL,NULL,NULL,NULL,NULL,NULL,"1036","8"
"Sebastian","Vettel","C3","1",NULL,NULL,NULL,NULL,NULL,NULL,NULL,NULL,NULL,NULL,NULL,NULL,NULL,NULL,NULL,NULL,NULL,NULL,"1032","20"
"Sebastian","Vettel","Intermediate","3","C3","26","C2","40",NULL,NULL,NULL,NULL,NULL,NULL,NULL,NULL,NULL,NULL,NULL,NULL,NULL,NULL,"1033","20"
"Sebastian","Vettel","C2","22","C2","11","C3","19",NULL,NULL,NULL,NULL,NULL,NULL,NULL,NULL,NULL,NULL,NULL,NULL,NULL,NULL,"1035","20"
"Sebastian","Vettel","C2","29","C3","36",NULL,NULL,NULL,NULL,NULL,NULL,NULL,NULL,NULL,NULL,NULL,NULL,NULL,NULL,NULL,NULL,"1036","20"
"Romain","Grosjean","C4","37","C3","33",NULL,NULL,NULL,NULL,NULL,NULL,NULL,NULL,NULL,NULL,NULL,NULL,NULL,NULL,NULL,NULL,"1032","154"
"Romain","Grosjean","C3","17","C2","21","C2","13",NULL,NULL,NULL,NULL,NULL,NULL,NULL,NULL,NULL,NULL,NULL,NULL,NULL,NULL,"1035","154"
"Romain","Grosjean","C2","32","C3","30","C3","2",NULL,NULL,NULL,NULL,NULL,NULL,NULL,NULL,NULL,NULL,NULL,NULL,NULL,NULL,"1036","154"
"Nico","Hulkenberg","C3","15","C2","15","C2","14","C4","8",NULL,NULL,NULL,NULL,NULL,NULL,NULL,NULL,NULL,NULL,NULL,NULL,"1035","807"
"Sergio","Perez","C4","38","C3","33",NULL,NULL,NULL,NULL,NULL,NULL,NULL,NULL,NULL,NULL,NULL,NULL,NULL,NULL,NULL,NULL,"1032","815"
"Sergio","Perez","Intermediate","3","C3","32","C2","34",NULL,NULL,NULL,NULL,NULL,NULL,NULL,NULL,NULL,NULL,NULL,NULL,NULL,NULL,"1033","815"
"Sergio","Perez","C3","29","C2","36",NULL,NULL,NULL,NULL,NULL,NULL,NULL,NULL,NULL,NULL,NULL,NULL,NULL,NULL,NULL,NULL,"1036","815"
"Sergio","Perez","C4","18","C2","26",NULL,NULL,NULL,NULL,NULL,NULL,NULL,NULL,NULL,NULL,NULL,NULL,NULL,NULL,NULL,NULL,"1037","815"
"Daniel","Ricciardo","C3","37","C4","34",NULL,NULL,NULL,NULL,NULL,NULL,NULL,NULL,NULL,NULL,NULL,NULL,NULL,NULL,NULL,NULL,"1032","817"
"Daniel","Ricciardo","Intermediate","4","C3","39","C3","26",NULL,NULL,NULL,NULL,NULL,NULL,NULL,NULL,NULL,NULL,NULL,NULL,NULL,NULL,"1033","817"
"Daniel","Ricciardo","C3","14","C3","12","C2","9","C3","16",NULL,NULL,NULL,NULL,NULL,NULL,NULL,NULL,NULL,NULL,NULL,NULL,"1035","817"
"Daniel","Ricciardo","C2","35","C3","30",NULL,NULL,NULL,NULL,NULL,NULL,NULL,NULL,NULL,NULL,NULL,NULL,NULL,NULL,NULL,NULL,"1036","817"
"Valtteri","Bottas","Intermediate","2","C3","31","C3","16","C2","21",NULL,NULL,NULL,NULL,NULL,NULL,NULL,NULL,NULL,NULL,NULL,NULL,"1033","822"
"Valtteri","Bottas","C3","13","C2","19","C2","20",NULL,NULL,NULL,NULL,NULL,NULL,NULL,NULL,NULL,NULL,NULL,NULL,NULL,NULL,"1035","822"
"Valtteri","Bottas","C3","23","C2","25","C3","16","C2","2",NULL,NULL,NULL,NULL,NULL,NULL,NULL,NULL,NULL,NULL,NULL,NULL,"1036","822"
"Valtteri","Bottas","C3","11","C2","33",NULL,NULL,NULL,NULL,NULL,NULL,NULL,NULL,NULL,NULL,NULL,NULL,NULL,NULL,NULL,NULL,"1037","822"
"Kevin","Magnussen","C4","31","C3","39",NULL,NULL,NULL,NULL,NULL,NULL,NULL,NULL,NULL,NULL,NULL,NULL,NULL,NULL,NULL,NULL,"1032","825"
"Kevin","Magnussen","C3","1","C2","34",NULL,"34",NULL,NULL,NULL,NULL,NULL,NULL,NULL,NULL,NULL,NULL,NULL,NULL,NULL,NULL,"1033","825"
"Kevin","Magnussen","C3","9","C2","11","C2","23",NULL,NULL,NULL,NULL,NULL,NULL,NULL,NULL,NULL,NULL,NULL,NULL,NULL,NULL,"1035","825"
"Kevin","Magnussen","C3","28","C2","37",NULL,NULL,NULL,NULL,NULL,NULL,NULL,NULL,NULL,NULL,NULL,NULL,NULL,NULL,NULL,NULL,"1036","825"
"Daniil","Kvyat","C3","36","C2","34",NULL,NULL,NULL,NULL,NULL,NULL,NULL,NULL,NULL,NULL,NULL,NULL,NULL,NULL,NULL,NULL,"1032","826"
"Daniil","Kvyat","C2","19","C2","16","C3","17",NULL,NULL,NULL,NULL,NULL,NULL,NULL,NULL,NULL,NULL,NULL,NULL,NULL,NULL,"1035","826"
"Daniil","Kvyat","C3","21","C2","24","C2","20",NULL,NULL,NULL,NULL,NULL,NULL,NULL,NULL,NULL,NULL,NULL,NULL,NULL,NULL,"1036","826"
"Max","Verstappen","Intermediate","4","C3","32","C2","34",NULL,NULL,NULL,NULL,NULL,NULL,NULL,NULL,NULL,NULL,NULL,NULL,NULL,NULL,"1033","830"
"Max","Verstappen","C3","21","C2","20","C2","25",NULL,NULL,NULL,NULL,NULL,NULL,NULL,NULL,NULL,NULL,NULL,NULL,NULL,NULL,"1036","830"
"Max","Verstappen","C3","11","C2","33",NULL,NULL,NULL,NULL,NULL,NULL,NULL,NULL,NULL,NULL,NULL,NULL,NULL,NULL,NULL,NULL,"1037","830"
"Carlos","Sainz","C4","32","C3","34","C4","4",NULL,NULL,NULL,NULL,NULL,NULL,NULL,NULL,NULL,NULL,NULL,NULL,NULL,NULL,"1032","832"
"Carlos","Sainz","C2","22","C3","12","C2","18",NULL,NULL,NULL,NULL,NULL,NULL,NULL,NULL,NULL,NULL,NULL,NULL,NULL,NULL,"1035","832"
"Carlos","Sainz","C3","22","C3","19","C2","24",NULL,NULL,NULL,NULL,NULL,NULL,NULL,NULL,NULL,NULL,NULL,NULL,NULL,NULL,"1036","832"
"Esteban","Ocon","C4","25",NULL,NULL,NULL,NULL,NULL,NULL,NULL,NULL,NULL,NULL,NULL,NULL,NULL,NULL,NULL,NULL,NULL,NULL,"1032","839"
"Esteban","Ocon","C3","22","C2","30",NULL,NULL,NULL,NULL,NULL,NULL,NULL,NULL,NULL,NULL,NULL,NULL,NULL,NULL,NULL,NULL,"1035","839"
"Esteban","Ocon","C2","34","C3","31",NULL,NULL,NULL,NULL,NULL,NULL,NULL,NULL,NULL,NULL,NULL,NULL,NULL,NULL,NULL,NULL,"1036","839"
"Esteban","Ocon","C4","11","C2","33",NULL,NULL,NULL,NULL,NULL,NULL,NULL,NULL,NULL,NULL,NULL,NULL,NULL,NULL,NULL,NULL,"1037","839"
"Antonio","Giovinazzi","C3","7","C2","26","C3","18",NULL,NULL,NULL,NULL,NULL,NULL,NULL,NULL,NULL,NULL,NULL,NULL,NULL,NULL,"1035","841"
"Antonio","Giovinazzi","C2","21","C2","24","C3","20",NULL,NULL,NULL,NULL,NULL,NULL,NULL,NULL,NULL,NULL,NULL,NULL,NULL,NULL,"1036","841"
"Pierre","Gasly","C4","24","C2","25","C4","21",NULL,NULL,NULL,NULL,NULL,NULL,NULL,NULL,NULL,NULL,NULL,NULL,NULL,NULL,"1032","842"
"Pierre","Gasly","C3","7","C2","16","C2","29",NULL,NULL,NULL,NULL,NULL,NULL,NULL,NULL,NULL,NULL,NULL,NULL,NULL,NULL,"1035","842"
"Pierre","Gasly","C3","21","C2","21","C2","23",NULL,NULL,NULL,NULL,NULL,NULL,NULL,NULL,NULL,NULL,NULL,NULL,NULL,NULL,"1036","842"
"Pierre","Gasly","C2","26","C3","18",NULL,NULL,NULL,NULL,NULL,NULL,NULL,NULL,NULL,NULL,NULL,NULL,NULL,NULL,NULL,NULL,"1037","842"
"Charles","Leclerc","C4","1","C2","3",NULL,NULL,NULL,NULL,NULL,NULL,NULL,NULL,NULL,NULL,NULL,NULL,NULL,NULL,NULL,NULL,"1032","844"
"Charles","Leclerc","C3","18","C2","34",NULL,NULL,NULL,NULL,NULL,NULL,NULL,NULL,NULL,NULL,NULL,NULL,NULL,NULL,NULL,NULL,"1035","844"
"Charles","Leclerc","C3","29","C2","9",NULL,NULL,NULL,NULL,NULL,NULL,NULL,NULL,NULL,NULL,NULL,NULL,NULL,NULL,NULL,NULL,"1036","844"
"Lando","Norris","C4","39","C3","32",NULL,NULL,NULL,NULL,NULL,NULL,NULL,NULL,NULL,NULL,NULL,NULL,NULL,NULL,NULL,NULL,"1032","846"
"Lando","Norris","C3","12","C2","17","C2","23",NULL,NULL,NULL,NULL,NULL,NULL,NULL,NULL,NULL,NULL,NULL,NULL,NULL,NULL,"1035","846"
"Lando","Norris","C3","21","C3","23","C2","21",NULL,NULL,NULL,NULL,NULL,NULL,NULL,NULL,NULL,NULL,NULL,NULL,NULL,NULL,"1036","846"
"Lando","Norris","C4","11","C2","33",NULL,NULL,NULL,NULL,NULL,NULL,NULL,NULL,NULL,NULL,NULL,NULL,NULL,NULL,NULL,NULL,"1037","846"
"George","Russell","C4","34","C3","35",NULL,NULL,NULL,NULL,NULL,NULL,NULL,NULL,NULL,NULL,NULL,NULL,NULL,NULL,NULL,NULL,"1032","847"
"George","Russell","C3","8","C2","16","C2","15","C3","12",NULL,NULL,NULL,NULL,NULL,NULL,NULL,NULL,NULL,NULL,NULL,NULL,"1035","847"
"George","Russell","C3","19","C2","16","C2","30",NULL,NULL,NULL,NULL,NULL,NULL,NULL,NULL,NULL,NULL,NULL,NULL,NULL,NULL,"1036","847"
"Alexander","Albon","C4","35","C3","36",NULL,NULL,NULL,NULL,NULL,NULL,NULL,NULL,NULL,NULL,NULL,NULL,NULL,NULL,NULL,NULL,"1032","848"
"Alexander","Albon","Intermediate","3","C3","31","C2","36",NULL,NULL,NULL,NULL,NULL,NULL,NULL,NULL,NULL,NULL,NULL,NULL,NULL,NULL,"1033","848"
"Alexander","Albon","C3","6","C2","24","C2","22",NULL,NULL,NULL,NULL,NULL,NULL,NULL,NULL,NULL,NULL,NULL,NULL,NULL,NULL,"1035","848"
"Alexander","Albon","C3","17","C1","22","C2","26",NULL,NULL,NULL,NULL,NULL,NULL,NULL,NULL,NULL,NULL,NULL,NULL,NULL,NULL,"1036","848"
"Nicholas","Latifi","C3","32","C4","37",NULL,NULL,NULL,NULL,NULL,NULL,NULL,NULL,NULL,NULL,NULL,NULL,NULL,NULL,NULL,NULL,"1032","849"
"Nicholas","Latifi","C3","9","C2","17","C2","20","C3","5",NULL,NULL,NULL,NULL,NULL,NULL,NULL,NULL,NULL,NULL,NULL,NULL,"1035","849"
"Nicholas","Latifi","C2","28","C2","21","C3","15",NULL,NULL,NULL,NULL,NULL,NULL,NULL,NULL,NULL,NULL,NULL,NULL,NULL,NULL,"1036","849"
"Kimi","Raikkonen","C3","10","C2","34",NULL,NULL,NULL,NULL,NULL,NULL,NULL,NULL,NULL,NULL,NULL,NULL,NULL,NULL,NULL,NULL,"1037","8"
"Sebastian","Vettel","C3","11","C2","33",NULL,NULL,NULL,NULL,NULL,NULL,NULL,NULL,NULL,NULL,NULL,NULL,NULL,NULL,NULL,NULL,"1037","20"
"Romain","Grosjean","C3","10","C2","34",NULL,NULL,NULL,NULL,NULL,NULL,NULL,NULL,NULL,NULL,NULL,NULL,NULL,NULL,NULL,NULL,"1037","154"
"Kevin","Magnussen","C3","10","C2","25","C4","9",NULL,NULL,NULL,NULL,NULL,NULL,NULL,NULL,NULL,NULL,NULL,NULL,NULL,NULL,"1037","825"
"Daniil","Kvyat","C3","11","C2","33",NULL,NULL,NULL,NULL,NULL,NULL,NULL,NULL,NULL,NULL,NULL,NULL,NULL,NULL,NULL,NULL,"1037","826"
"Carlos","Sainz",NULL,NULL,NULL,NULL,NULL,NULL,NULL,NULL,NULL,NULL,NULL,NULL,NULL,NULL,NULL,NULL,NULL,NULL,NULL,NULL,"1037","832"
"Antonio","Giovinazzi","C3","9",NULL,NULL,NULL,NULL,NULL,NULL,NULL,NULL,NULL,NULL,NULL,NULL,NULL,NULL,NULL,NULL,NULL,NULL,"1037","841"
"Charles","Leclerc","C4","10","C2","14","C3","20",NULL,NULL,NULL,NULL,NULL,NULL,NULL,NULL,NULL,NULL,NULL,NULL,NULL,NULL,"1037","844"
"George","Russell","C3","9",NULL,NULL,NULL,NULL,NULL,NULL,NULL,NULL,NULL,NULL,NULL,NULL,NULL,NULL,NULL,NULL,NULL,NULL,"1037","847"
"Nicholas","Latifi","C3","10","C2","20","C3","14",NULL,NULL,NULL,NULL,NULL,NULL,NULL,NULL,NULL,NULL,NULL,NULL,NULL,NULL,"1037","849"
